Hash,RawLog
cb62981f59d4f4c81d30d56f9c77cefe02dba34eacbf323aa6e61a3e74db9548,1230820uusd is smaller than 1666566uusd: insufficient funds: insufficient funds
2dbc34bfa2a22cb18ff371cc6f9d695314df03f6ae33d86664ce387f36be13d2,"account sequence mismatch, expected 1000517, got 1000497: incorrect account sequence"
d4a54862e6ee6ecd7e422df3f5f3ed5d5d803388b985ddadb4fa01e78c58bc3c,"block height: 4961550, timeout height: 4961549: tx timeout height"
e1df22de3c69b5a4d2f2f59f7e494ca4627cc8b37a509a8ddef2d6c995bbb402,failed to execute message; message index: 0: 0ibc/9117A26BA81E29FA4F78F57DC2BD90CD3D26848101BA880445F119B22A1E254E is smaller than 200000ibc/9117A26BA81E29FA4F78F57DC2BD90CD3D26848101BA880445F119B22A1E254E: insufficient funds
b94aca41beb552e3a656de22b6c0d238c1b9cc1d4868ddc1e291eeba51dc6e64,failed to execute message; message index: 0: 0samoleans is smaller than 999samoleans: insufficient funds
a5ca0b20d13e0d4e280ed8b044bd7446396692e27023889ec7f042df7952bf17,failed to execute message; message index: 0: 999999uluna is smaller than 1000000uluna: insufficient funds
b168610d6fb825bd46f2d82e1d6b1c35260ceb7ec8baf91d0f8663e425738dba,failed to execute message; message index: 0: alloc::string::String not found: execute wasm contract failed
39b051e9c4b315431252fb4b449d36fc5fb5424abbc1ebebcf339d3d6b3ee2fa,failed to execute message; message index: 0: alloc::vec::Vec<alloc::string::String> not found: execute wasm contract failed
97d0715c323fad56b640745e7558f704adf580802cd1e2e1265160a7fbfd756f,failed to execute message; message index: 0: Already claimed: execute wasm contract failed
af3e82fdcf75d4cf7b587df623b657cd2cfb6d240aa5e1d1722fc74c06e4fe7e,failed to execute message; message index: 0: Already voted on this proposal: execute wasm contract failed
32a173cd6cfd03311ff402ebcd336dc309ec7b7415fe9cf9c3927e854e39a3c9,failed to execute message; message index: 0: AlreadySolved: execute wasm contract failed
9ada6d735d31a5542b1613a8bfb536b3d4d31ab158558e45612e4719d671011d,failed to execute message; message index: 0: auction::state::Auction not found: execute wasm contract failed
ed11d0e801c0a3dd22d842adc685cb2de9ee8e07588beecac1fda5ec76dafc69,failed to execute message; message index: 0: Bonus Already Claimed: execute wasm contract failed
967d4f1d80402c4b374be9343d7afd733f3f1ae1c29fe657e301fbd69df109e3,failed to execute message; message index: 0: Borrow amount too high; Loan liability becomes greater than borrow limit: 927185205: execute wasm contract failed
4a3119b821d19ee0a09c676624fcc4380c680ab48f1f40f7d86cedb220950a4b,failed to execute message; message index: 0: Cancelled Due To Slippage: execute wasm contract failed
ead2d59c3a033e7849ea74107eed5b988de9bc1284b4dc0f8e28a2fe75675230,failed to execute message; message index: 0: Cannot Exceed the Reservation Limit: execute wasm contract failed
1c890474384e6ec333fb80c3fb293f593372e4e7deb023eb832a9a830bdb6f46,failed to execute message; message index: 0: Cannot liquidate safely collateralized loan: execute wasm contract failed
d6cac23eaa169612eabb6c9ba2e6c371c8e6c63888e261783d5f4883aad94a1d,failed to execute message; message index: 0: Cannot set to own account: execute wasm contract failed
8a177a08cfabf24c020ce6a091d14f6f8f09fd918a13cee71302ccfeed1a286c,failed to execute message; message index: 0: Cannot submit to unbond more than bond amount: execute wasm contract failed
93d57f5e5439f835608466c6e2da0cb5f6d441c4ba292e08140b335c00fc02ec,failed to execute message; message index: 0: Cannot unbond more than pending unbond amount: execute wasm contract failed
cb5e5beeedddc0f19990f88d8b1fb8571f951e41f918d974a611abfc6520e499,failed to execute message; message index: 0: commission cannot be changed more than max change rate
0a636cba8bb8b1b983d7b39a546f51bb27391fa08ea595917eb0693049eea7ab,failed to execute message; message index: 0: commission cannot be changed more than once in 24h
a0b65bc714acc20e8902ec16cfa86e9e104c5cb358658568d3d253466ee29dac,failed to execute message; message index: 0: CommitmentIsTooEarlyOrExpired: The commitment matures at 1635928245 and expires at 1636014625. Current time is 1635928244.: execute wasm contract failed
0a2f7ab6e542cc8ceff573d94c56c15fe4f57a212e936baf80a44fa36c1978b8,failed to execute message; message index: 0: connection handshake open init failed: 07-tendermint-1544: light client not found
c044450ec6feba9d029e462b44d807b72e4c830c5c94037fa79b244b38c0ef2c,failed to execute message; message index: 0: constractInfo terra1y8q286sj3w3vrpd6m0q0l0haswql83qxxx6yst: not found
2b5e753a8f080ed9233d977398578df8436d5e4339afce6e412b7144c159caf4,failed to execute message; message index: 0: ConsumeNonexistCommitment: The commitment f0a9d5b7cbcf3263f11d284b1f201ee04dd247a699fa49b583bc7cdb9e04d31b does not exist.: execute wasm contract failed
bb1419e084cb3904833e1089373685593754db56cb4ac0b4e7a1a305446a60d4,failed to execute message; message index: 0: Contract exception: execute wasm contract failed
24f4eac91cc7be3f53f0e404faf7905dedd9db74be2dfcb791ddbd72b3c53356,failed to execute message; message index: 0: contract terra1z3sf42ywpuhxdh78rr5vyqxpaxa0dx657x5trs: not found
afc81a7579fd32eb262461d6975c63b92ab893d536bce055ba77163f4468330c,failed to execute message; message index: 0: Coordinates already claimed: execute wasm contract failed
77cdcfd97eb16092da888530ad4eee674cb4758adcbe05a85d213d7afeb627b1,failed to execute message; message index: 0: Different fraction: execute wasm contract failed
1b9aea334e4f97420ce7307c7c0d9038b80fdab2c13649711b79d0673fd3e075,failed to execute message; message index: 0: dispatch: 0uusd: invalid coins
f80f64b432c38c06bf620aab999a5c5e0a457eb115af185963f28bf89c1a771c,failed to execute message; message index: 0: dispatch: 12053uusd is smaller than 12100uusd: insufficient funds
448cd3fdaf9b7a0678114790ac9967fee233f9b74a71cf9eccf2c0541f96de99,failed to execute message; message index: 0: dispatch: Cannot Sub with 11265104215 and 12516638845: execute wasm contract failed
f684cc03bb7a924974413f21723d08d952c79febd8d2632a939758157de102fe,failed to execute message; message index: 0: dispatch: dispatch: 0uluna: invalid coins
d0bbbbc14cc3bcc0e80959e0694d08188c6b00d977b9ca22aedf8ba98fa64189,failed to execute message; message index: 0: dispatch: dispatch: 0uusd: invalid coins
d675e8711bf34e324a791787b80b26f9432923324323ce9aea96f8d9872bfbfe,failed to execute message; message index: 0: dispatch: dispatch: dispatch: dispatch: dispatch: dispatch: Generic error: swap output 1003884889 is lower than initial uusd 1016943947: execute wasm contract failed
5ae5060021789d4a33e3afd2bd185c9bed242390c70a3cf51d44f81bfcecbf2d,failed to execute message; message index: 0: dispatch: dispatch: dispatch: dispatch: Generic error: swap output 1008098249 is lower than initial uusd 1016943947: execute wasm contract failed
349fc582347976703b41c1d6ec1a13aa4f5925ef09979a6732a061ab4395abfe,failed to execute message; message index: 0: dispatch: dispatch: dispatch: dispatch: Max spread assertion: execute wasm contract failed
c45b08bc1dae94d467b270b5e617a1669c69f22d32e1a9f458cb1e92a0c3e5a7,failed to execute message; message index: 0: dispatch: dispatch: dispatch: Generic error: No bids with the specified information exist: execute wasm contract failed
a5faef8568ad9a887ce8d9e936a49c6b430c5165d0ab5a99fec5fb1d6822ab14,failed to execute message; message index: 0: dispatch: dispatch: dispatch: Invalid zero amount: execute wasm contract failed
d96791af6777012fd63d7e9425483b5226f11a909190ab7b6588aee5c167a010,failed to execute message; message index: 0: dispatch: dispatch: dispatch: Max spread assertion: execute wasm contract failed
342a9b1276992812dafddf945073690b7928bd05b9e05015984969b1194ca135,failed to execute message; message index: 0: dispatch: dispatch: dispatch: reply: dispatch: dispatch: Generic error: collateral is too small: execute wasm contract failed
1e9c97f0f0a2f95517ebec04f0b0e4dc1cc9f2de02cd85ef508ec848c0570b49,failed to execute message; message index: 0: dispatch: dispatch: dispatch: reply: dispatch: Invalid zero amount: execute wasm contract failed
cc95f04274140d4ac821cd5c2e352545b75099589d9dcdbeeeff248942a937c5,failed to execute message; message index: 0: dispatch: dispatch: Error calling the VM: Error executing Wasm: Wasmer runtime error: RuntimeError: unreachable: execute wasm contract failed
33d54f4cfb68ee6b26b0caebebb2104341dbb41e97692382be8d3714642b0883,"failed to execute message; message index: 0: dispatch: dispatch: Generic error: assertion failed; minimum receive amount: 9376, swap amount: 9373: execute wasm contract failed"
7c699376795a747c84ebb646ed2ab14bcfafaf90a35e312a339a2e2990f7989b,failed to execute message; message index: 0: dispatch: dispatch: Generic error: UST balance post arbitrage = 19967283397 is less than initial UST balance = 19986968637: execute wasm contract failed
19610110cb52ebf25da2874f5542e83bce27c840299f1c3e42b11ccbfec0aba4,failed to execute message; message index: 0: dispatch: dispatch: Invalid zero amount: execute wasm contract failed
44178bc4bc7c6c2083f661253f754283cb9b9e0deb532e855e6536acb9a5ba0e,failed to execute message; message index: 0: dispatch: dispatch: Max spread assertion: execute wasm contract failed
dd229958a02d73a95276d0487b984eddf90b706cf676f8767f206089077dca84,failed to execute message; message index: 0: dispatch: dispatch: reply: dispatch: dispatch: dispatch: 0uusd: invalid coins
6ec571335e2a1830a66b93e5146684771d8f82c185b64d8f63a892800a8b9dc9,failed to execute message; message index: 0: dispatch: dispatch: reply: dispatch: Invalid zero amount: execute wasm contract failed
faa3b7f7d97e2e8966d7a609f6bcca033ec6fadeb67c722dc1e34cbd7865205c,failed to execute message; message index: 0: dispatch: dispatch: Transfer too big: execute wasm contract failed
8a3dae78e7a955dc62c0de115835cb34721e9ffe6ec2407a7b0a34c6b1e48cf4,failed to execute message; message index: 0: dispatch: dispatch: Unauthorized: execute wasm contract failed
db835d4dcbe01067b203c79eb1013f7996463004f779ceb8ab7507c0b9f14549,failed to execute message; message index: 0: dispatch: Error calling the VM: Error executing Wasm: Wasmer runtime error: RuntimeError: unreachable
088b2bc85d9c8b37924cf051d831990eb6bdc5f60daf2f238cb56027c2473305,failed to execute message; message index: 0: dispatch: Error calling the VM: Error executing Wasm: Wasmer runtime error: RuntimeError: unreachable: execute wasm contract failed
37df1d8e22ac96ff1d06d6d1f163c8a8d8e8eee41b508e4d0f8a366236806b77,"failed to execute message; message index: 0: dispatch: Error parsing into type cw20_legacy::msg::ExecuteMsg: unknown variant `receive`, expected one of `transfer`, `burn`, `send`, `mint`, `increase_allowance`, `decrease_allowance`, `transfer_from`, `send_from`, `burn_from`: execute wasm contract failed"
0fc7eacb72eb69f866c645c9a950445563a713b6a04efb223af960c0a751e186,failed to execute message; message index: 0: dispatch: Error parsing into type terraswap::pair::Cw20HookMsg: EOF while parsing a JSON value.: execute wasm contract failed
300970f1f40a0038268ca31a4e911d988c0f4d77c4e7e0705ef9eefaa395d6e4,failed to execute message; message index: 0: dispatch: Error parsing into type terraswap::pair::Cw20HookMsg: Error parsing decimal '-0.0030853049': Generic error: Error parsing whole: execute wasm contract failed
cf1bc7df8509b292839feab49150f9bc3e5b97ae68567abc92bc6cb9bb75f5c1,failed to execute message; message index: 0: dispatch: Error parsing into type terraswap::pair::Cw20HookMsg: Invalid type: execute wasm contract failed
495b852a4e215116916894084316f3c989414361afd5cc866dc89c1eef59f932,"failed to execute message; message index: 0: dispatch: Error parsing into type terraswap::pair::Cw20HookMsg: unknown variant `redeem_stable`, expected `swap` or `withdraw_liquidity`: execute wasm contract failed"
8007a1fcca57ccc5583ca5d1d2bad92afbd6d92c18d53d6d0e6857ee8c1bcb54,failed to execute message; message index: 0: dispatch: Error parsing into type terraswap::router::Cw20HookMsg: invalid Uint128 '-102495485440' - invalid digit found in string: execute wasm contract failed
df603d8bc9f65acec8083add748a5e5b166f0bbb2446f608added0ba3d5307c0,failed to execute message; message index: 0: dispatch: Gateway/Pool: withdraw amount exceeds balance. (balance: Uint256(21999859)): execute wasm contract failed
92f817afd401b071f2b1df64fc42c4ef5e452485e61a2eaa08f46fccbdb67302,"failed to execute message; message index: 0: dispatch: Generic error: assertion failed; minimum receive amount: 1000000, swap amount: 22899: execute wasm contract failed"
2ab4268743f85f881bac0242478e3805f16819d9db42173b71c97b44ba7c2024,failed to execute message; message index: 0: dispatch: Generic error: Cannot liquidate more than the position amount: execute wasm contract failed
fdbbf5c0e23705d811326958ea48ab5dadb8d5d184aede8e77eeaaef8951e4e3,failed to execute message; message index: 0: dispatch: Generic error: Cannot withdraw more than user balance: execute wasm contract failed
8bda94ab624b8fe6b6a4c68406d99d258431a80e8e494d96b662512ef83490ab,failed to execute message; message index: 0: dispatch: Generic error: Collateral price is too old: execute wasm contract failed
f1315473e987b6a8bca1b683401acb44667d3b6f6b5b102627b1fd16c906fe18,failed to execute message; message index: 0: dispatch: Generic error: Description too long: execute wasm contract failed
42c7e251a7373ac4bbfef2811cc813df161c137330e46450c7a84325d94f9ed1,failed to execute message; message index: 0: dispatch: Generic error: Error parsing into type loot::auction::Cw721HookMsg: invalid Uint128 '-11000000' - invalid digit found in string: execute wasm contract failed
64c3c247599d439a1c4ef1dec8861d5cd497969d7e61c63106fc45be88cf6eff,failed to execute message; message index: 0: dispatch: Generic error: invalid cw20 hook message: execute wasm contract failed
2e01f585e49397feac6b563e5767bef1688d0033be083a468fc6674f2a49eaab,failed to execute message; message index: 0: dispatch: Generic error: Price is too old: execute wasm contract failed
3ea86a4b2bbc41b63d43870a987ab242c4d0af9160661082df478616cea9d172,failed to execute message; message index: 0: dispatch: Generic error: Querier contract error: Generic error: addr_canonicalize errored: Input is empty: contract query failed: execute wasm contract failed
4abdbebe6a3f4d9446d7142c553681d1f7ee63a2d3679d097b0b9ac7032116b1,failed to execute message; message index: 0: dispatch: Generic error: Querier contract error: terraswap::asset::PairInfoRaw not found: contract query failed: execute wasm contract failed
4fd90cd62ee3a38f0d28c07f235baa3bbe89f72db5d2d70ea9b181f0107607b1,failed to execute message; message index: 0: dispatch: Generic error: reserve price too low: execute wasm contract failed
8c499324b342fb836b1da0f16dd82b26da356b4b16a3c900abb8e9c14917fd5f,failed to execute message; message index: 0: dispatch: Generic error: Strategy deposits paused: execute wasm contract failed
1b3af84b44e3b315a627155d9e0492dfe265a218a74641f3a8552996117395af,"failed to execute message; message index: 0: dispatch: Generic error: swap output doesn't met the expected_out 10118750, got 10088151: execute wasm contract failed"
25ab0de3f566b96b73c40b3a50cae47584a4d8500b518bec75141ad4fdff921e,failed to execute message; message index: 0: dispatch: Generic error: unauthorized: execute wasm contract failed
980d816be4f059b29d92f855c50685fe99b977f8f062edab1e23d7efd345d2bc,failed to execute message; message index: 0: dispatch: Generic error: User balance is zero: execute wasm contract failed
e2be43ec80a9363d35e0d7d0f7ee5ac29564f330368853596a9db96533f7c97a,failed to execute message; message index: 0: dispatch: Generic error: User is trying to unstake too many tokens.: execute wasm contract failed
5c4cf5f2f3465c90b6591c5d2f56092b44ec015af807bf6fe76489b996f5beef,failed to execute message; message index: 0: dispatch: Invalid zero amount: execute wasm contract failed
2117c8d47a4853da935126edaa5fa88725a85709e5ffeaaceefba6a71eb13b27,failed to execute message; message index: 0: dispatch: Max spread assertion: execute wasm contract failed
fe114589a2c5326dfb75fee4547f312308557d35a2ec692e58674a79f4622497,failed to execute message; message index: 0: dispatch: MaxQtyMinted: execute wasm contract failed
dfc5dcb6f6d81bb46e98b348447e8034d8cd60466fe49f2bf3131a6b1e4e7242,failed to execute message; message index: 0: dispatch: Minting cannot exceed the cap: execute wasm contract failed
a97f6c6778bb25614160d1ec0306584c6e4690ad299f25a0ba930b7623b29ea0,failed to execute message; message index: 0: dispatch: mirror_mint::state::Position not found: execute wasm contract failed
848dc1f0e0ca3343d408d4ab8ffa45405189ef6591987265c76a0fcfb394efed,failed to execute message; message index: 0: dispatch: No allowance for this account: execute wasm contract failed
4cef5fbd0d3f5033ef020813cbcb35453fc062fea7ac6b89e6afcea5219e8985,failed to execute message; message index: 0: dispatch: Overflow: Cannot Sub with 803878 and 1620000: execute wasm contract failed
88512e04b7c98f348f6b1ceef7e27a8b4eac5abd32c8ce2051a1e361203e2eca,failed to execute message; message index: 0: dispatch: reply: dispatch: dispatch: dispatch: 0uusd: invalid coins
f297571eb77e7c0dfbb4fb7cfea8c6319036d04e415bcead6d2fd2da65b982a2,failed to execute message; message index: 0: dispatch: reply: dispatch: Invalid zero amount: execute wasm contract failed
02f3c71884ea7abae49b5e45c284016b72632bb4c5d33982cbfec8a3705ddc84,failed to execute message; message index: 0: dispatch: reply: Drand round already added 1313893: reply wasm contract failed
ecf7dfb01106e8ca430f5089ef20fe45ce8922e31121047339cc4e5955e5ffc9,failed to execute message; message index: 0: dispatch: reply: Swap failed: reply wasm contract failed
451c8a6e1d6c659737ddcbfa99e528e579825bbf96c9154650777a42a752aba0,failed to execute message; message index: 0: dispatch: TotalMintLimit: execute wasm contract failed
6897206456e2d7176aae66fe3d226d244eb77370f26200ae6ab2555817e1b637,failed to execute message; message index: 0: dispatch: Transfer too big: execute wasm contract failed
21e42be6d450410fcdc6ae6f9bcddfcd0d67ade8e096b249f4d838ab87b401b3,failed to execute message; message index: 0: dispatch: u64 not found: execute wasm contract failed
0a2d195e6bbaf52749f39572d9517adc260dea2dc4a09e9014fd386cdb6546ab,failed to execute message; message index: 0: dispatch: Unauthorized: execute wasm contract failed
6e4fb8d009a1c7ef5b74ea821d2d891c6630067c781e656689c1adead280f8a2,failed to execute message; message index: 0: dispatch: User already staking in other contract: execute wasm contract failed
03e27cd380bb16261d94c1f83801cd954a32cdcf85efaf88daedd5402e7fe0fd,failed to execute message; message index: 0: Do tasks to claim more: execute wasm contract failed
270c9fd38b76242d80ada8978103589c17c8bbb8d9e12227015421fd6b872b89,failed to execute message; message index: 0: Error calling the VM: Error executing Wasm: Wasmer runtime error: RuntimeError: Error calling into the VM's backend: Panic in FFI call: execute wasm contract failed
18cd76f350ba5412046411fa63f4e9ad3524cf166a678f93cc1bb0f98da78310,failed to execute message; message index: 0: Error calling the VM: Error executing Wasm: Wasmer runtime error: RuntimeError: unreachable: execute wasm contract failed
9f5b873e4b108232883edf26054979a6e12b3e278f60684badbc64d204a34fcf,failed to execute message; message index: 0: Error calling the VM: Error executing Wasm: Wasmer runtime error: RuntimeError: unreachable: instantiate wasm contract failed
76d546415c7abafe75a73897ae63e1e88ada759b8e3306cd59ae5a5ae3125680,failed to execute message; message index: 0: Error parsing into type anchor_token::airdrop::ExecuteMsg: Invalid type: execute wasm contract failed
f93a5b8ebb43a804d559080b1f53c827f6c51919523c633ffdef0c858fd23bdb,"failed to execute message; message index: 0: Error parsing into type anchor_token::airdrop::ExecuteMsg: unknown variant `eyJjbGFpbSI6eyJzdGFnZSI6MjUsImFtb3VudCI6IjcxNjAiLCJwcm9vZiI6WyJlOGZkOWI3M2QxZjYyNzQwNjk1NzFjM2EwYjIwMGRhMjgwZjczMDI1YWNmOTk0ZmFjMjZkZWZiMzlmYWZlNzRkIiwiMDE0MWIwN2QyNzVmYzM2MjRlZGZlZjcxY2QwM2RkMzU3ZDAwYzcxNGNkODBmMDJjMmMzM2JjYzMwYjczNTliMiIsIjgzNmRmMTg3YTVlOTQwOTBiOWFkMmY4YjQ0ZGI5MzRiODI2Y2M5YWQ1ZTRhNDZhZTY1Yzk3ZmQ3NzVlMTBmMzUiLCI4Nzg2MTEyYzhlZDNjMTQyYTMwMzYwZjdkMDVhOWFmZTRkYTVjYzllZDAxMzNmNjBjYWU3MWFmMGUxMjZhOGU0IiwiZTg3YmQ3N2QyY2UzNjg0MjQ4ZmYxMGVkZWMwZDEwODliNDhkODUzY2I5ZDMzN2NjMDIzYjc0ZTEzZmRkZTM3NiIsIjk1MDJkN2U2ZmRkZjk5YjNhNjZiYzkzNmU0YWYzNjkyZGEyM2QyZGM2MjBhNTlkYjFkNGZkODc1MTZiMDZiZjEiLCJhZGQwMmVkM2YyOGVhYjhhYzhiMTY3YTc3NjlmOWZmNjY4NDg2NzFmMmIzMzA2NzIxMmVlZmE1ZGI0NGJmNWVlIiwiZGNiYzVlMzIxOTlhMGQ1NTVhNjYyMDUxMDIxN2VjNzNkYzc1MmMzYzUzZTk3MDU4MDIzNTc3OTY1MmEyMDBjOSIsIjI3NDJkN2RjYWY3MzIyNDVmNjc4NWNiYTUwZjJlZjgwZjlhMTk2YzAwOTUyNDBkY2FjNTc3ZDE4ZjBkNzU0MDEiLCI3YjhmYzM1MmJlODA4MmZhMzlhZTgwYmNkNWVjMWRkNzAzZTY1MzNmNWVjZTVmYTAyYzljMzc3MzM2NmY3MjkxIiwiMTg4OGE3OWU5MjM0MGZmYTI0OGRmZTY3YmQzZDhjYTVhNjE3NGZiN2ZiM2U5YjgwNmYyNzFhYTU3NGJiODMzNyIsImVmZGJhY2Y3MTJhZTRjOTA5OTc2MWVlYjEyMzQ4OTBjODVmZDc2ZDM3MGM5ZGM5N2EzNWExM2MyNmY5N2JkNjciLCI5NWViMThiMjNlMWU4YzhjYWNmOWI3MjQ0ZTNiYjgxZWJmMGQyNDUzNDc3MzMwNThkMDA4MzU2OTcwMTY5YjlmIiwiYmI1MGNjN2FjODg4MzAyZmFkNjc0Y2JiZmE3MzU3YzY3MDA2OGIxZjY3YzAyYmFlMzRiYTEyMWYxZmY4MTViNSIsIjg5MjUyNGQ1ZGZiMGY5NTI0MGNjNjEwYTM2NmMwNTA3ZTkxNDQ1MmJjNTBmY2NhYzQ3NGVjMjFhY2IzMGE4NDkiXX19`, expected one of `update_config`, `register_merkle_root`, `claim`: execute wasm contract failed"
e61d378c22c0cd6659b9d49248f1f05799d99e74c634e0a426d6e8968fd43bd2,failed to execute message; message index: 0: Error parsing into type angel_core::messages::index_fund::ExecuteMsg: Invalid type: execute wasm contract failed
d3c2a9cf98a0cd4049377dd6d556faf137fe1f995f07656ffbbcb80c1dc4b04f,"failed to execute message; message index: 0: Error parsing into type aperture_amadeus::msg::ExecuteMsg: unknown variant `claim_tokens_from_wormhole_and_delta_neutral_invest`, expected one of `claim_short_sale_proceeds_and_stake`, `close_short_position`, `delta_neutral_invest`, `do`, `reinvest`, `set_controller`: execute wasm contract failed"
c4ccc1277a3592843154aa4c6bbf2f2a3443538dbae4a8ca4b4eb29c5b1620a5,failed to execute message; message index: 0: Error parsing into type base::msg::ExecuteMsg: Invalid type: execute wasm contract failed
a411c703fdc2461fcf9353e33c9018ba351f4f438e0635495722705b5500f2d4,"failed to execute message; message index: 0: Error parsing into type base::msg::ExecuteMsg: unknown variant `Reset`, expected `increment` or `resetmonday`: execute wasm contract failed"
466deff435b9d817b5b3d2ee5a86b12573d453029f137f8ab68ba283a4542ae3,failed to execute message; message index: 0: Error parsing into type base::msg::InstantiateMsg: missing field `count`: instantiate wasm contract failed
ff8d7645006f35cb226b44f63f7255d3256da52a38c2924eaf4c7c351b233e3b,failed to execute message; message index: 0: Error parsing into type candy_machine_minter::msg::InstantiateMsg: Invalid type: instantiate wasm contract failed
6fa77832d4657b78ea65b78566828b18bbbd79dd09575bc6d6bdc3f684bdd560,failed to execute message; message index: 0: Error parsing into type cw20_elastic::msg::ExecuteMsg: Invalid type: execute wasm contract failed
a39c74a7ffc0565a055aedf67864423d6d1c9b0254c8ade074c9726d9b9e438d,failed to execute message; message index: 0: Error parsing into type cw20_elastic::msg::ExecuteMsg: invalid Uint128 '7580196.3' - invalid digit found in string: execute wasm contract failed
2e22b79f396eb75ce462bc11ee97331bae497de2e0bbe79cf4da56c472b8b8c2,"failed to execute message; message index: 0: Error parsing into type cw20_legacy::msg::ExecuteMsg: Expected to parse either a `true`, `false`, or a `null`.: execute wasm contract failed"
88771be1f46c582a2945632e1cd82621deaf97a7da64712481313a896f1e650c,"failed to execute message; message index: 0: Error parsing into type cw20_legacy::msg::ExecuteMsg: invalid base64: {'swap': {'max_spread': '0.150', 'belief_price': '1099.8162357084686'}}: execute wasm contract failed"
5a2f199888f6cc07398bdb358b82f9bbf842eff2670a54a4b45f5031957ba204,failed to execute message; message index: 0: Error parsing into type cw20_legacy::msg::ExecuteMsg: Invalid type: execute wasm contract failed
fb3613714221c2cb7097bc57d0b0e748bc1ac47e101848652bd3ff1e9cf30677,failed to execute message; message index: 0: Error parsing into type cw20_legacy::msg::ExecuteMsg: invalid Uint128 '7952.000000000001' - invalid digit found in string: execute wasm contract failed
e2d26ffba426339b8b1e9ccc5195ec3b4a587e7a9ac159755a111bbae597672f,failed to execute message; message index: 0: Error parsing into type cw20_legacy::msg::ExecuteMsg: missing field `msg`: execute wasm contract failed
54bef21210d613f04c38b2134d551febe0f449f76200c7cfb5843d761789bce2,"failed to execute message; message index: 0: Error parsing into type cw20_legacy::msg::ExecuteMsg: unknown variant `{'send': {'amount': '20000000', 'contract': 'terra178jydtjvj4gw8earkgnqc80c3hrmqj4kw2welz', 'msg': 'eyJzd2FwIjp7Im1heF9zcHJlYWQiOiIwLjE1MCIsImJlbGllZl9wcmljZSI6IjEyMDAwMC4wIn19'}}`, expected one of `transfer`, `burn`, `send`, `mint`, `increase_allowance`, `decrease_allowance`, `transfer_from`, `send_from`, `burn_from`: execute wasm contract failed"
b9c5b0a67809779e1a2556693fc2eb9d7542f8b749b6dce678f9548704d865d2,"failed to execute message; message index: 0: Error parsing into type cw20_legacy::msg::ExecuteMsg: unknown variant `eyJzZW5kIjp7ImNvbnRyYWN0IjoidGVycmExc25yYTI5YWZyOWVmenQ2bDM0d2ZuaGozam45MGhxNnJ4OGpoamUiLCJhbW91bnQiOiIxNzA4OTk0OSIsIm1zZyI6ImV5SmliMjVrSWpwN2ZYMD0ifX0=`, expected one of `transfer`, `burn`, `send`, `mint`, `increase_allowance`, `decrease_allowance`, `transfer_from`, `send_from`, `burn_from`: execute wasm contract failed"
0dd2602322953aee263bbb1015980c81789d604184d658a799c6db83ad741dbe,"failed to execute message; message index: 0: Error parsing into type cw20_legacy::msg::ExecuteMsg: unknown variant `swap`, expected one of `transfer`, `burn`, `send`, `mint`, `increase_allowance`, `decrease_allowance`, `transfer_from`, `send_from`, `burn_from`: execute wasm contract failed"
479ec226d2c2fcfe7092b4d004372dc01ecbaec733059f5f18100e76a6e6260f,"failed to execute message; message index: 0: Error parsing into type cw20_legacy::msg::ExecuteMsg: unknown variant `ZXlKemQyRndJanA3SW05bVptVnlYMkZ6YzJWMElqcDdJbWx1Wm04aU9uc2libUYwYVhabFgzUnZhMlZ1SWpwN0ltUmxibTl0SWpvaWRYVnpaQ0o5ZlN3aVlXMXZkVzUwSWpvaU1TSjlMQ0owYnlJNkluUmxjbkpoTVdwemVHNW5jV0Z6WmpKNmVXNXFOV3Q1YURCMFozRTViV296ZW10ellUVm5hek0xYWpScklpd2lZbVZzYVdWbVgzQnlhV05sSWpvd0xDSnRZWGhmYzNCeVpXRmtJam94TUgxOQ==`, expected one of `transfer`, `burn`, `send`, `mint`, `increase_allowance`, `decrease_allowance`, `transfer_from`, `send_from`, `burn_from`: execute wasm contract failed"
b67bdb2319a1ea823e775144e87637ee90093f84d4eca5ab1cb3a23ba56d8f98,"failed to execute message; message index: 0: Error parsing into type cw20_merkle_airdrop::msg::ExecuteMsg: unknown variant `eyJjbGFpbSI6eyJhbW91bnQiOiI1OTkxNjI1MCIsInByb29mIjpbIjRlOWFmMTRkMmE1ZWJiYjk4YTVhMDlmYTIwZWYzMDZlYjE0MzdjMmM4ZWNkODc3OTBiMjBkODZhN2FlN2QzNGQiLCIzN2RjNGQxYTEyOGU2YTA0NGRkYjdmMzEwNmE1ODAzZWUwN2M4NDRmYWJkOGM0MmViODRlMjUwMmM4OWI2MjA1IiwiNzAwOWVjYmI2MjY1OTI4ZmU2ZThiNDljZDhjMDczMTBiOGY5MDE3ZDRlOWUwMmFkZjBhYmYxNzdiY2QxZDI1NCIsImI2MWJlNDYwODMxODdjZjljYjkxNDVjZGY3ZmVmYmJlZTAzNGRmZGMyZDM5ZWI4ZTM0MWRmYzQyOTllNzBmY2EiLCIwZjdjNzI2M2YxYmQxZmMyODZjYTAxNjlhNjNmYjllZjg5OWNmNzBlODExYzQzY2U0ZGI1NjFkOTE5ZTNmNTk0IiwiZTAyOWE4Yzk1ZDBkODhjYzA0Y2IyZjFlYmVhNDhlNDNiMTU5MmExNmVmNmU5ODU4MDJjOWI5ZjhkZDE2ZWQwMSIsIjdhYzg2OWEzYTNkNWY1YWZlZjcyMzMwNmQwYjVlM2RiOGViNDNmNTkwNjg1ZjQ0N2FkZmU1N2UxYTE4YmM4N2YiLCIzMzY3MDhlNTUzYTE5NzBmMzNlNDY4NjJkNmRmY2FkNjc4NzlmNDBjOTc2MzBiNDU5NzRhMTFkNDgzMTkwZGEzIiwiNWY4NDZhYmI1YTkwMDFhN2Q1OTU2ZjIxNDU1NGRmNDA3NmYzZDE2OTAyYWEyNzRmMmIwMGQ1NGIxOTVmNTNmMSIsIjQzNjgyMDY5ZGJhNDIwNjVjMDJjY2M4YzVlOWM5MWQwZWRlMDE0MzlmMTViYTVkNWY0NDk4YzNiOTU1NzliYTIiLCI4NDgxN2UxYzc2MjliNWQ4MDMwNjNlOGM1OTVmYTY2ZGI3YjAxNzE4YTE0NmE4MWQ2YWM5NGFmMTFlN2E0YmY3IiwiMjAxYTZmMGVjZGNjNTM2M2UwOGFkNmU5NTIxNmY2NTViMTU5NDU3NmJjOTVhZTEyYTdkMTgxNTlhNjJhMDdhOCIsImUwNWEzMWQ2MWE2YjdiNjcyMGFkMTk5NjkzMjA3MDM1NzBhZjVjMWI5ZThhZDk2NGFlY2I0MTRjZDk0NGQzNTgiLCI5M2VhNDE3ZTQxMGQxOWE2MDY4ZTQxOGExNTM2ZWJmOWZlMDJjNjhlZjkwNjQyYmRhYWU2M2MxNTRjNWYzNmE4IiwiZGI1ZTMxZTVhNTg3ZTNlNzBiZmJmMDA3N2E3NzJkZTI2MGFiZWIyZDk3ODJiNzE3MzEyMTJlMTNkOWEyNGFjMyIsIjMyZjlmMDU0ODJiOTlmZmYxOGQyZDJlZDgwZDQxODI5OGY1ZDk5NGJkZmZmNGE4ZWJmMGFmZGZlNTIyYTBmMGMiXSwic3RhZ2UiOjN9fQ==`, expected one of `update_config`, `register_merkle_root`, `claim`: execute wasm contract failed"
f1c7063dc7275b27444c85432561033be686a9585c95eff7c5437246dbfbb307,failed to execute message; message index: 0: Error parsing into type cw20::msg::Cw20ExecuteMsg: Invalid type: execute wasm contract failed
9758bcd1737251a97c895b408e453ae94cf944c7c59acd8818fa7ca4859e8ce5,failed to execute message; message index: 0: Error parsing into type cw20::msg::Cw20ExecuteMsg: missing field `recipient`: execute wasm contract failed
91d7daf7614c3826d7bb7f425796654e78ff001e6671c12b23adc7f7ed3d5ae8,"failed to execute message; message index: 0: Error parsing into type cw20::msg::Cw20ExecuteMsg: unknown variant `swap`, expected one of `transfer`, `burn`, `send`, `increase_allowance`, `decrease_allowance`, `transfer_from`, `send_from`, `burn_from`, `mint`, `update_marketing`, `upload_logo`: execute wasm contract failed"
583c04d9bf4facccab781cb72ea42bca1f357842995c401beba4e8142ffe4b85,failed to execute message; message index: 0: Error parsing into type loopswap::pair::ExecuteMsg: Invalid type: execute wasm contract failed
826d1f6c22b43cc45496a45b36a37858afccfd8c015ca32567d70d39e283bc50,"failed to execute message; message index: 0: Error parsing into type loopswap::pair::ExecuteMsg: unknown variant `send`, expected one of `receive`, `provide_liquidity`, `swap`: execute wasm contract failed"
ae4d93e87bbd8a3104bd8611cccf9a304336bcd35cfc5e425ca5996cfb978baf,failed to execute message; message index: 0: Error parsing into type loot::token::ExecuteMsg: missing field `token_id`: execute wasm contract failed
638e2e98fe6f7f2d747cce8784b5994fb9532331d949e93b9b6c6a97bb742ccd,"failed to execute message; message index: 0: Error parsing into type loterra::msg::ExecuteMsg: unknown variant `get_ticket`, expected one of `register`, `play`, `claim`, `collect`, `poll`, `vote`, `present_poll`, `reject_poll`, `safe_lock`, `renounce`, `receive`: execute wasm contract failed"
141a1f44d759a9a82ca4313c7f2916feed20b887c71f27d06f3c6ce4ba65b410,failed to execute message; message index: 0: Error parsing into type mirror_airdrop::msg::ExecuteMsg: Invalid number.: execute wasm contract failed
88fb067e6744a0d438de12a48f2723cbeb8a7e397430008b4530d6e03f1a6d11,"failed to execute message; message index: 0: Error parsing into type mirror_protocol::lock::ExecuteMsg: unknown variant `eyJ1bmxvY2tfcG9zaXRpb25fZnVuZHMiOnsicG9zaXRpb25zX2lkeCI6WyIyODg4NSJdfX0=`, expected one of `update_config`, `lock_position_funds_hook`, `unlock_position_funds`, `release_position_funds`: execute wasm contract failed"
e3b5da986de71faf6a569c76dcb0ae55bf78d351603a2c824f446f92ccc7944f,"failed to execute message; message index: 0: Error parsing into type mirror_protocol::staking::ExecuteMsg: unknown variant `eyJ3aXRoZHJhdyI6e319`, expected one of `receive`, `update_config`, `register_asset`, `unbond`, `withdraw`, `auto_stake`, `auto_stake_hook`, `adjust_premium`, `increase_short_token`, `decrease_short_token`: execute wasm contract failed"
b55b410a74489c1643353b976b14c1a9754bff027353fd0cb25cba2f06e39aa1,"failed to execute message; message index: 0: Error parsing into type moneymarket::liquidation_queue::ExecuteMsg: Expected this character to be either a `','` or a `'}'`.: execute wasm contract failed"
f6ea949b6472e062efe6b21083683b02416dc91bd846679dd81881735e3965f6,failed to execute message; message index: 0: Error parsing into type moneymarket::liquidation_queue::ExecuteMsg: Invalid type: execute wasm contract failed
6ebd2d4a99021f2384da564af83fc6dd6f72d02521ac2a4ac6bb9f2454410f2e,failed to execute message; message index: 0: Error parsing into type moneymarket::liquidation_queue::ExecuteMsg: missing field `bid_idx`: execute wasm contract failed
8f16e5394bda7f391673a1e0d23c42834cd7e9e11ba0484732817cbfb7433cc1,failed to execute message; message index: 0: Error parsing into type moneymarket::liquidation_queue::ExecuteMsg: missing field `premium_slot`: execute wasm contract failed
cd6feef31be4a80ec013e939036ec0408a13de849ec3d6b00eb93ac51e0ceff8,"failed to execute message; message index: 0: Error parsing into type moneymarket::liquidation::ExecuteMsg: unknown variant `eyJzdWJtaXRfYmlkIjp7ImNvbGxhdGVyYWxfdG9rZW4iOiJ0ZXJyYTFrYzg3bXU0NjBmd2txdGUyOXJxdWg0aGMyMG01NGZ4d3RzeDdncCIsInByZW1pdW1fcmF0ZSI6IjAuMyJ9fQ==`, expected one of `receive`, `update_config`, `submit_bid`, `retract_bid`: execute wasm contract failed"
8319d538eab8d2dd23b140828ec04ad123be00835f8de2195006dbfa7f68f28f,failed to execute message; message index: 0: Error parsing into type moneymarket::market::ExecuteMsg: invalid Uint256 '2987076.7': execute wasm contract failed
18ed8a05671524b7923ba2c98696fa3b8bc2630857fcd4d15a218b8b06d293ea,"failed to execute message; message index: 0: Error parsing into type moneymarket::market::ExecuteMsg: unknown variant `eyJkZXBvc2l0X3N0YWJsZSI6e319`, expected one of `receive`, `register_contracts`, `update_config`, `repay_stable_from_liquidation`, `execute_epoch_operations`, `deposit_stable`, `borrow_stable`, `repay_stable`, `claim_rewards`: execute wasm contract failed"
1b4be32c93bb75103b44864a2717a165909ee06900b5ba2e5aead6535992d92c,failed to execute message; message index: 0: Error parsing into type moneymarket::oracle::ExecuteMsg: Invalid type: execute wasm contract failed
bae499d67ad0ac509ddb073945f29f5f3aa7fbf727f1b3d40080e98761ccd03f,failed to execute message; message index: 0: Error parsing into type my_first_contract::msg::ExecuteMsg: Invalid type: execute wasm contract failed
a93be960bb8ae89b103ce9854c778daac0dc875f9f9a5395c84c6de8cfd9c730,failed to execute message; message index: 0: Error parsing into type my_first_contract::msg::ExecuteMsg: missing field `counter`: execute wasm contract failed
08c24b42ebdf9385832d49a6e045b25da19e3bdbc1c2f9421b412e3e1f7a0403,failed to execute message; message index: 0: Error parsing into type my_first_contract::msg::ExecuteMsg: missing field `monday`: execute wasm contract failed
2069f29ed93cedac23da4d291e7bac1ea614127a9c880f9c1866c84a595d6472,"failed to execute message; message index: 0: Error parsing into type my_first_contract::msg::ExecuteMsg: unknown variant `Increment`, expected `increment` or `reset`: execute wasm contract failed"
230795cd73ad8622349a78520bbcf9dabf4c408e8cbb3f2a21447d80f8d90935,"failed to execute message; message index: 0: Error parsing into type my_first_contract::msg::ExecuteMsg: unknown variant `try_increment`, expected `increment` or `reset`: execute wasm contract failed"
90a5544c52227cc100b8170148c66be4bb6fc7aac82d3df2bd721ebc4d8e6f37,"failed to execute message; message index: 0: Error parsing into type my_first_contract::msg::ExecuteMsg: unknown variant `try_reset`, expected `increment` or `reset`: execute wasm contract failed"
e4d074d58bf78d1937e79bf875f25b74df30269c719db52dd0a60ffc909ce5d8,failed to execute message; message index: 0: Error parsing into type my_first_contract::msg::InstantiateMsg: u128 is not supported: instantiate wasm contract failed
b05c444c92b1172df7362ef6dac947fae696badd2f25a6c1fa6d805b9ce0caf8,"failed to execute message; message index: 0: Error parsing into type pylon_gateway::pool_msg::ExecuteMsg: unknown variant `eyJ3aXRoZHJhdyI6eyJhbW91bnQiOiI0OTg3MTQ3NzUyIn19`, expected one of `receive`, `update`, `withdraw`, `claim`, `deposit_internal`, `withdraw_internal`, `claim_internal`, `configure`: execute wasm contract failed"
84e278b29a7daaa9a9a1145954ea2c54d194f3a769c40c28f6f122e42755340b,"failed to execute message; message index: 0: Error parsing into type pylon_gateway::swap_msg::ExecuteMsg: unknown variant `anyone`, expected one of `configure`, `deposit`, `withdraw`, `claim`, `earn`: execute wasm contract failed"
2a5d4ec670e9e1271eb80767f8c24950cec23be24b4a4bb534cc4898196e9910,"failed to execute message; message index: 0: Error parsing into type pylon_token::airdrop::ExecuteMsg: unknown variant `eyJjbGFpbSI6eyJhbW91bnQiOiIxMjM3ODQwNyIsInByb29mIjpbImU4OTY5NTQwMTQ5M2Y3ZWQ4YjI2YzA5Mzg0NjlkMzBlNWY4YjJjMWMxMDZkODNkZjljMDRjNDgxMzA3YmQyMDUiLCJmOTFiMDUwMTdhYzVlMjk4MTAwNmVhOTk1MmRmYjQzZDIxZTk3NmU5NDk2YjhhOTY1MGY4NzAwZDFmNjJjNDQ3IiwiNDJkMmZjNWEwZGIyOTlmMjMwOTc3ZGY3NmU5N2ZkZGM2YTYwN2RlNmIxMGI1MzczODRkZmI0MGQyMzYwNTVkNSIsImJkNmNmN2NhN2ViZWU1OTk5ZTQ2ZjY5YzU0Mzc3MmYzN2ViZGZmMTM4YWQzOGExNWRlMWU4NmZhOWIzOGM2NTEiLCJjZWE0YzkzZmQ0MmRkNGI0N2YyY2NjMDIzMWI5NzczOGM4NDI4NGRkMjQzMWJkOTI3MzBjYmM1NzIyYTljMGJmIiwiM2QwYTc4OTgwNmJlMDRiZjQ5ZDE5ZDQxOTlmOGI4ODA2ZjhlNDlhYjJiMDU0MDdjMWQxYWI4OGY4ODdlNGZlNSIsIjQ2MTk0ODg4M2EyMGIxZGUyNjQ0YzgyYTc2Yjg3MThjZDAwZWQ2NjFmMWFiYjYxNjlmYThjNmVlYzAyMTZkMTMiLCI5Mjc2Y2M2YjAwYzk2YmUwZTMwMWZiYTU5MGVhZjExYTYyMjUxNTNhYTAyNDVjMzkwYzc3NTViNWY0OWViOTRlIiwiOWNhMTdlMjQ2ZDMzNzM3ZjkxYjIxNTM4ZGVjODY1NDU2NjBkOTNmODgwNTBjYzY4YzI3NjUxMzQ1ODcyYmQwMCIsImM1ZmEzNmJiYmY5OGZkNjAzZWNiNzY3NzdmNjBiNWVlZDQ2MDY5MTgyZWU4MGM2Yzc4ZWFiZjgzMDQ5OTdkMWYiLCJlNzEyM2QwZWM2YTcxZTdkMjgwMDE0ZTQyOGM4MGYyOTM0MTg3M2E4NjYxOGQ1NWIyZTQ1NTRjNmNmYTUxMDI4IiwiNWUwN2YwZTBmNjBlMGMxMTAwMzM4ZTNlZDIzYjk1OTYxNzMzY2NiM2RjMDc4NjY5YTdhYjg4NzFmOGU0ZGQxMiIsImQ4NTk0OTY0NmY3NDEzZWZmNjI0ZjQzOTE2NTliN2UzM2I2NDNhZjEzM2FlNDY0OWI1OTY3MDJhZWVjZWYyMGEiLCI1NTIwZTZiZjc5MDlkNDI2NmU5MmU1MzVmYzczNTJjY2Q2YzZkZGUwZmYwZDI1NzRiNTliMjQ1N2Y0NWZjMmEyIl0sInN0YWdlIjoxNX19`, expected one of `update_config`, `register_merkle_root`, `claim`: execute wasm contract failed"
b93e013eeccbbb68776adf6fbeb23e3c4eeef3464afd9f891e5126ece870a49a,"failed to execute message; message index: 0: Error parsing into type pylon_token::airdrop::ExecuteMsg: unknown variant `eyJjbGFpbSI6eyJzdGFnZSI6NywiYW1vdW50IjoiMjI1MTcwNSIsInByb29mIjpbIjNmNjFhYmI0OTg3NWIyNmIyZDA2OTQ1MGYwNWNmMWJkYjc0ZjU1MmJhNTI0ZDM5NTlmYWZiNDlhMTRhZWUzOTMiLCIxOTBkYmNkYjMwZjc4MzFmYzJhZWM5MWEyMGY4ZmE1MzE4N2JlZGFmZDE3Njk3NDgyMGUwNDM1ZTU3YzU5NjQ1IiwiMWI1MDBhZDMzODFmZDBiN2ZlMGRiMzVkMTFlNmE2MTJhZWM5MGI0MWYyM2Y5MjI4MzcwZTM3MGMxZTQ4Nzc4ZSIsIjkwZDIxNWI3M2FjYzhiMzA0ZTM0ZWUwNjVkYjNmNTQ0NWJlNTYzMTE1OGUwYmQwMGNhMTYxNjhlYTQxNTdlZDYiLCI2OTA4ZGFkMDRhMDUzNjU5MjIyMjk4OWQ5Yjk5ZGQ4MzQ2MTgyMWI3MTA0YWUxZWRkMDNlYmI5YzEzM2E5ZWFhIiwiMzE5NDFhYjY4YjMwZGY4ZTcxMTgzMGExNTQzYTRiMGFlOWU3ZTdmZDUxMTVmYTlkOThhNDJhZWJiNmM4MTZmZiIsIjQ2Y2FkZDU3ZDg1NjhlMDE2NTYyYWIyZDJmN2JiOWQ2ZmZkNjgwNDM3OWFlMDAwMTkzMDhjMzQwMzA4NGFiNDEiLCJlMDk3YjQwY2JhMDliM2I4ZjE1MDZkMTg1YzNkYmJmYjI5NTkzZTFjYTA0YWVkOTVjZGNjMjU3OWYyZDEwZjZjIiwiYWQ3MGQxMjk2YjE5ZDY1OTIyNTBmZGQyYmQ0ZTI5NjZkYmJjN2ZiY2U2ODMwNWM5ZWFhYjhlNzU1YTIxYmYzYSIsIjJjODI3OTJiZjIzOTJhY2QyNzRmYWRmZWRiOThkOGI2ODZmNTg4ZjBlOTAxZjgwMTI0NTk0NThkOGY5ODkzODEiLCIxZGU3YmM4ZGVlZGJjYWU1NjBkOTRlZDZiZmU4YTI1YmRkZmRkNDY2NDRhMDFmZDY5NDNmNmM4NmY1YjA5YTk2IiwiNjY1Y2Y2ZmUzYTgxMTY4NjFjZjhlNzhjMzVmZTRmODA4OGQ2YTEyMTkzOWM1NTU5ZDhhOTIwOTkyOGFiYjgxYiIsImU3MzA5ZmZhNWZkMDAwOThiZGY0OTk5NDNhYmVmNjI0MDhiNjhhYzhhOGY4NGVhYmU5Nzg4ZDk3OGRlZjgzZWUiLCI4ZTYyNWQ0Njk3MTQwZTAwNTJhMmIzZmM0ZDMwYzEzZjQ3Y2MwODM0Y2M2YzFlY2JlNWQ4NDIxNjNlODA5OWU2IiwiMDI5OTVjMTJlODdmZDBlM2ExODhhMmIwZjM4ZTE0NWEwNDM1MDEwMmJjZjU5YTQ3ZDg1OTg2MjQ4NzUwNzBhZiIsIjVhYmNlMzZmODQ5YjNlYTIwZjZiZmM0NGQ4MzgyNGNjMDc3YzY3ZjMyZDJlMzRhYzExYjFkNjEzYWMxOGU4ODYiXX19`, expected one of `update_config`, `register_merkle_root`, `claim`: execute wasm contract failed"
e9adc4e4ac77bdab635a07a3f2b4ff5b1ff2afab49c304cc17b7914df90b5bc1,"failed to execute message; message index: 0: Error parsing into type pylon_token::gov::ExecuteMsg: unknown variant `eyJ3aXRoZHJhd192b3RpbmdfdG9rZW5zIjp7ImFtb3VudCI6IjUwMjU2NjU0MCJ9fQ==`, expected one of `receive`, `execute_poll_msgs`, `register_contracts`, `update_config`, `cast_vote`, `withdraw_voting_tokens`, `end_poll`, `execute_poll`, `snapshot_poll`: execute wasm contract failed"
fa208f76bcbdfb135ac38f5f280fa498097b07f77c662719d1a00b8bb277a919,failed to execute message; message index: 0: Error parsing into type starterra_token::squadron_users::ExecuteMsg: missing field `id`: execute wasm contract failed
fccc32e422f70621fa1e8c81bf0faa1dd88397e654630ce9554ed51b8ac9e9b5,"failed to execute message; message index: 0: Error parsing into type starterra_token::staking::ExecuteMsg: unknown variant `eyJ3aXRoZHJhdyI6e319`, expected one of `receive`, `submit_to_unbond`, `unbond`, `move_bond`, `withdraw`, `burning_withdraw`, `update_config`, `emergency_withdraw`, `accept_ownership`: execute wasm contract failed"
b6f7e6719a3cc536a841f4b8c9f252c1e78270f2930c0167b236a15207fd666d,"failed to execute message; message index: 0: Error parsing into type starterra_token::vesting::regular::ExecuteMsg: unknown variant `eyJjbGFpbSI6eyJhbW91bnQiOiIxMzY0MDAwMDAwIn19`, expected one of `update_config`, `register_vesting_accounts`, `submit_to_claim`, `claim`, `emergency_withdraw`, `withdraw_to_burning`, `accept_ownership`: execute wasm contract failed"
bf1ffe16ded8d03dd81bcea7a58badc04772682fd3427f31da9be73e26b7e6e3,"failed to execute message; message index: 0: Error parsing into type starterra_token::vesting::regular::ExecuteMsg: unknown variant `eyJjbGFpbSI6eyJhbW91bnQiOiIxMzY0NzgyNTc3In19`, expected one of `update_config`, `register_vesting_accounts`, `submit_to_claim`, `claim`, `emergency_withdraw`, `withdraw_to_burning`, `accept_ownership`: execute wasm contract failed"
b3cf88a34f8f85172948368abde13543a5d388b5cd405f4fe33adb2ff8c4f6cf,failed to execute message; message index: 0: Error parsing into type terraswap::pair::ExecuteMsg: Error parsing decimal '': Generic error: Error parsing whole: execute wasm contract failed
0b73ac8b0637da465848c557865ec845fad50d6ca31a9733b45951e6cfe46ace,failed to execute message; message index: 0: Error parsing into type terraswap::pair::ExecuteMsg: Error parsing decimal '1.00300902708e-7': Generic error: Error parsing fractional: execute wasm contract failed
95ae6a248e3aac91efdd1211de58a8e096bd6235c4d5eaff4abb087fe1b1c0c7,failed to execute message; message index: 0: Error parsing into type terraswap::pair::ExecuteMsg: Expected this character to start a JSON value.: execute wasm contract failed
45bc201e8f0dcc619c6fcbe1263ad13021589377123cb379f8758ec5339c9b01,"failed to execute message; message index: 0: Error parsing into type terraswap::pair::ExecuteMsg: Expected to parse either a `true`, `false`, or a `null`.: execute wasm contract failed"
a08bb474b06b14b48ba7cb5c7e8e2a929c9e25e1fc112be5a4facc3513d3dfde,failed to execute message; message index: 0: Error parsing into type terraswap::pair::ExecuteMsg: Invalid type: execute wasm contract failed
90e9aea0e45fe8192250cc9fd9a2020c5f804cfce1782b81d8785eb0496ec654,"failed to execute message; message index: 0: Error parsing into type terraswap::pair::ExecuteMsg: unknown variant `auto_stake`, expected one of `receive`, `provide_liquidity`, `swap`: execute wasm contract failed"
e7b2fcf7e30ba665a0b32540380d3e9cfe95c63e4f17db25094312157463a989,"failed to execute message; message index: 0: Error parsing into type terraswap::pair::ExecuteMsg: unknown variant `coins`, expected one of `receive`, `provide_liquidity`, `swap`: execute wasm contract failed"
4c89e0e7ff1f80b19805d6b72959232384bee6daa216c084e6bbc39db6008f6c,"failed to execute message; message index: 0: Error parsing into type terraswap::pair::ExecuteMsg: unknown variant `eyJzd2FwIjogeyJiZWxpZWZfcHJpY2UiOiAiMzAwMCIsICJtYXhfc3ByZWFkIjogIjAuMDAxIiwgIm9mZmVyX2Fzc2V0IjogeyJhbW91bnQiOiAiNTAwMDAwMDAwMCIsICJpbmZvIjogeyJuYXRpdmVfdG9rZW4iOiB7ImRlbm9tIjogInV1c2QifX19fX0=`, expected one of `receive`, `provide_liquidity`, `swap`: execute wasm contract failed"
e2b568d25a2b879ff396218f784510f45b331d75bca7474c5687decaad96f18c,"failed to execute message; message index: 0: Error parsing into type terraswap::pair::ExecuteMsg: unknown variant `send`, expected one of `receive`, `provide_liquidity`, `swap`: execute wasm contract failed"
90682cf968305624a2a16ddcdafaa524a07c29df21cf3c3602033352f9963ee6,failed to execute message; message index: 0: Error parsing into type terraswap::router::ExecuteMsg: Invalid type: execute wasm contract failed
cb9c126f2c7537541f39a4f34fb820385e5399ef80ad580d51ed3315e48c7e6c,failed to execute message; message index: 0: Error parsing into type terraswap::router::ExecuteMsg: invalid Uint128 '-114790' - invalid digit found in string: execute wasm contract failed
31dc4b5d48a59858c3061d6a5a3f4745d7cb7065eb38efef0488132edc3208d9,"failed to execute message; message index: 0: Error parsing into type terraswap::router::ExecuteMsg: unknown variant `eyJleGVjdXRlX3N3YXBfb3BlcmF0aW9ucyI6IHsib3BlcmF0aW9ucyI6IFt7InRlcnJhX3N3YXAiOiB7ImFza19hc3NldF9pbmZvIjogeyJ0b2tlbiI6IHsiY29udHJhY3RfYWRkciI6ICJ0ZXJyYTFkazNnNTNqczMwMzR4NHY1YzN2YXZoajI3Mzh1bmU4ODB5dTZreCJ9fSwgIm9mZmVyX2Fzc2V0X2luZm8iOiB7Im5hdGl2ZV90b2tlbiI6IHsiZGVub20iOiAidXVzZCJ9fX19LCB7InRlcnJhX3N3YXAiOiB7ImFza19hc3NldF9pbmZvIjogeyJ0b2tlbiI6IHsiY29udHJhY3RfYWRkciI6ICJ0ZXJyYTFkemh6dWt5ZXp2MGV0ejIydWQ5NDB6N2FkeXY3eGdjamthaHV1biJ9fSwgIm9mZmVyX2Fzc2V0X2luZm8iOiB7InRva2VuIjogeyJjb250cmFjdF9hZGRyIjogInRlcnJhMWRrM2c1M2pzMzAzNHg0djVjM3ZhdmhqMjczOHVuZTg4MHl1Nmt4In19fX0sIHsidGVycmFfc3dhcCI6IHsiYXNrX2Fzc2V0X2luZm8iOiB7Im5hdGl2ZV90b2tlbiI6IHsiZGVub20iOiAidXVzZCJ9fSwgIm9mZmVyX2Fzc2V0X2luZm8iOiB7InRva2VuIjogeyJjb250cmFjdF9hZGRyIjogInRlcnJhMWR6aHp1a3llenYwZXR6MjJ1ZDk0MHo3YWR5djd4Z2Nqa2FodXVuIn19fX1dLCAib2ZmZXJfYW1vdW50IjogMTAwMDAwMCwgIm1pbmltdW1fcmVjZWl2ZSI6IDEwMTAwMDAuMH19`, expected one of `receive`, `execute_swap_operations`, `execute_swap_operation`, `assert_minimum_receive`: execute wasm contract failed"
802f4dcc7f7d7d7d5daf083a16086b03f2049e5d37a9b927a6e666ed82c3af09,"failed to execute message; message index: 0: Error parsing into type terraswap::router::ExecuteMsg: unknown variant `send`, expected one of `receive`, `execute_swap_operations`, `execute_swap_operation`, `assert_minimum_receive`: execute wasm contract failed"
5dbaa1d17eb3b329dd56866e8856566395074e629b86d5213fbb584d4f43913d,failed to execute message; message index: 0: Error parsing into type valkyrie::campaign::execute_msgs::ExecuteMsg: invalid Uint128 '-3105' - invalid digit found in string: execute wasm contract failed
72cc2c8d4d4f0a215655f0576894341269b55c024681a19216b1e33a473d1604,failed to execute message; message index: 0: execute msg size is too huge: exceeds max contract msg size limit
ca25e9c2031a9a44e50668bbe69cda922bd7a7be3f47930aa9f9f5776028698b,failed to execute message; message index: 0: failed to delegate; 101326uluna is smaller than 22800000uluna: insufficient funds
ff4e5f9365b389293a7593741bda3b4bdc4a63afbd66717d2c33772ef6a60e1a,failed to execute message; message index: 0: Gateway/Swap: earn not allowed before lock period: execute wasm contract failed
b5f60bd494e9fef2167e1f9f1bc6c84b18c698fac8f76e2d96efda8987a7705e,failed to execute message; message index: 0: Gateway/Swap: refund not allowed after token release: execute wasm contract failed
150193a3399f981a718436aa9f65b46e5656a94ab54ccc7ff26c81e06d5e0fcb,"failed to execute message; message index: 0: Generic error: {""msg"": ""negative total output (1000000 -> 991186) (l:8814)""}: execute wasm contract failed"
ef6df2a10416231c3ffb2d4419fbd333f2a997ed9add2a847ac73f330f9d0e68,"failed to execute message; message index: 0: Generic error: {""msg"": ""slippage_tolerance assertion""}: execute wasm contract failed"
e139e50a65400fb221cfc7a9efb2d61d1314ffae82a1376ed2c2bade5f56bd39,"failed to execute message; message index: 0: Generic error: addr_canonicalize errored: decoding bech32 failed: checksum failed. Expected llclpa, got 6ejs3w.: execute wasm contract failed"
6928eba61745c4c32cfad0f2950e333d46f1749126952ba14ec38af79400f320,"failed to execute message; message index: 0: Generic error: addr_validate errored: decoding bech32 failed: checksum failed. Expected 4x5m36, got ewrsdf.: execute wasm contract failed"
5fc7d15471534fce4ca29c992bd782245e40c1e9a0d471579871cfe726f4399b,failed to execute message; message index: 0: Generic error: addr_validate errored: decoding bech32 failed: invalid bech32 string length 2: execute wasm contract failed
c6d6ea5ee95f8b0dbb54f8c1b58653ac8f2164652d166eeadc813f028d808e31,failed to execute message; message index: 0: Generic error: addr_validate errored: decoding bech32 failed: invalid index of 1: execute wasm contract failed
3d93583f72782a385632bf29633e6cdbfa603937e9d30e10b6365cd0fc4f8648,failed to execute message; message index: 0: Generic error: addr_validate errored: decoding bech32 failed: string not all lowercase or all uppercase: execute wasm contract failed
3efb1e9023e342985a3b81d1f70cf0a44fffa2662f4681ca2a503a2665bdaf1c,failed to execute message; message index: 0: Generic error: all NFTs sold out!: execute wasm contract failed
5b1dd9f104f604765984d284c6276e376fca880322960c8c58612239245e16f6,failed to execute message; message index: 0: Generic error: already claimed: execute wasm contract failed
9482f6ee91550fd2532865989bd09e1b219d3e94d45354e44260004785a1564d,failed to execute message; message index: 0: Generic error: already settled: execute wasm contract failed
692d0bcd4a27b3411d439a973f97e2cbae88f9c080d79c43e8ca53f734ab8647,failed to execute message; message index: 0: Generic error: auction is already started: execute wasm contract failed
ebb4e6d9e0db2e5ad875723c3c3de82a1d3582c51311009ef3042766789730af,failed to execute message; message index: 0: Generic error: auction is not end: execute wasm contract failed
60a42930d0279c402a643a1e5607829101e55e5b92ad4a96de62623149f68039,failed to execute message; message index: 0: Generic error: auction is over: execute wasm contract failed
e8d720a24254a9df9a64e6020250cbd7e8a79b8b01137675035f6b3740d53e43,failed to execute message; message index: 0: Generic error: auth failed: execute wasm contract failed
206b8ec5a29f0b35aa7ff75c3492e78e1bae3bfecf40490289d31a5f62a9df9a,failed to execute message; message index: 0: Generic error: bid amount too low: execute wasm contract failed
5dcd5fce32c61cf35f5d746930966ea1431722bbcba43d8d9ccb5f60b64de847,failed to execute message; message index: 0: Generic error: Can not open a position with low collateral ratio than minimum: execute wasm contract failed
0c4c7ad20a8065b01be05458f945c2190872fd8486a51c793b72765a54aa7eff,failed to execute message; message index: 0: Generic error: Candy Machine is not yet open: execute wasm contract failed
ec96dbf0265e3074f64029ffa5f1b3aa609850d25c9dc277be4ad64e47947f34,failed to execute message; message index: 0: Generic error: Candy Machine is Soldout: execute wasm contract failed
f3f786cff8084109006309cde92f9b2015635d7742949702adbda2c955dfbaf1,failed to execute message; message index: 0: Generic error: cannot adjust premium before premium_min_update_interval passed: execute wasm contract failed
35b850d050f956c05d2b14be1b885e2e1d274ac835460a18ab037149126a456c,failed to execute message; message index: 0: Generic error: Cannot complete a task for moving nft.: execute wasm contract failed
bf4407f502d31a3165933e5b69eb0f5dd389a1b340d2d84615509dad99a12f7a,failed to execute message; message index: 0: Generic error: Cannot mint asset over than min collateral ratio: execute wasm contract failed
9ea22f13e0259b5569c7e23c80432524ab8a071cdb8cb60fc6ad15998f923c9c,failed to execute message; message index: 0: Generic error: Cannot unbond more than bond amount: execute wasm contract failed
96c42f6085cadf75c0273c6b5a633cf730557bba2c8aa1013aa703ba74969cac,failed to execute message; message index: 0: Generic error: Cannot withdraw collateral over than minimum collateral ratio: execute wasm contract failed
4a0688ea592e70865b89c785a77eaaf7df36dfdba345022f6c496a80d020eeb4,failed to execute message; message index: 0: Generic error: claiming too often: execute wasm contract failed
34d0c7bdca09ed1f00e85c0743c35076459f38e0c5edec2b7d0f3db50fa9a2ec,failed to execute message; message index: 0: Generic error: Decrease amount cannot exceed user balance: 0: execute wasm contract failed
bef19d4987e03bde5932f6d97f5ada380ef0de4cefa48f075b252525c9d842fe,failed to execute message; message index: 0: Generic error: Decrease amount cannot exceed user balance: 175000000: execute wasm contract failed
ddb7568d58c883cac84ae3f170684f1205f199c54174460e1e93bab2e771efa5,failed to execute message; message index: 0: Generic error: Decrease amount cannot exceed user balance: 197779672: execute wasm contract failed
8662be6235a9e8184806c4e820588f8233367e54a089e710092662a91825fdca,failed to execute message; message index: 0: Generic error: Decrease amount cannot exceed user balance: 999715: execute wasm contract failed
9c9123bbd42618fe31a90ae003fec348e68c7335eb0138cfead5da55e1bffc11,failed to execute message; message index: 0: Generic error: Exceeded per address reservation limit: execute wasm contract failed
9af74e56f7c25670be9c52cfc7d3f05fa3584c719ec4569423a33c9cb541f116,failed to execute message; message index: 0: Generic error: Existing discover is still in progress: execute wasm contract failed
f94e7e8916081049223826587f4f00a5a374380201f6e379ae18048eb8c646a2,failed to execute message; message index: 0: Generic error: invalid maker: execute wasm contract failed
d99ab2b8d1b705f768b747589fd96ed85ce269b5a14bce35935d51f0e58e3a42,failed to execute message; message index: 0: Generic error: Max allowed number of planets discovered!: execute wasm contract failed
c2c901f239180c6a11efa1336c396ae502e014c5c977ca51a43e63a1f122ad32,failed to execute message; message index: 0: Generic error: Native token balance mismatch between the argument and the transferred: execute wasm contract failed
49147d744cb70b4813f52bd5a21c88e76cf87309f74915c0decaa24c7afdb856,failed to execute message; message index: 0: Generic error: No bids with the specified information exist: execute wasm contract failed
c4cd4adfbcff2eb021543389c5036730d27f6f8f5ddba8dc10db71a7550d9b1e,failed to execute message; message index: 0: Generic error: No rewards have accrued yet: execute wasm contract failed
a007b4d01ab8c4ecda100d99b7142d148f1fc6263cb303c8008a3a42c287f83a,failed to execute message; message index: 0: Generic error: No task in progress.: execute wasm contract failed
cffb49466b4718d7cc4bfc63bd8190d04a1f314e95c3e2a27f3a8ccdda0ece50,failed to execute message; message index: 0: Generic error: No withdrawable uluna assets are available yet: execute wasm contract failed
b9285d00ba07b672d8c82ee00001e052cd8000ef18bc3ff3e7ac9c886185b5ee,failed to execute message; message index: 0: Generic error: Not enough balance: execute wasm contract failed
bca00b9a29b4c2345ccf75c1bfa0f7e4fc668c50bb46e6db93298c2ed1f22c7b,failed to execute message; message index: 0: Generic error: Not exist participation reward: execute wasm contract failed
885bf93f2bade0c84f678678e3102e0100731855ac6953f422af9d62f602d37d,failed to execute message; message index: 0: Generic error: Not exist referral reward: execute wasm contract failed
654115c04b1a05811e0e9424fc7a690dce461325002905a2a0b21bd29ffbeaab,failed to execute message; message index: 0: Generic error: Nothing to withdraw: execute wasm contract failed
7421ba1c290adbd381803d6a747d585e6a636f9594a00f56fd1d279b89e8e406,failed to execute message; message index: 0: Generic error: Only whitelisted wallets can call: execute wasm contract failed
d7575faebe873d54f1fdbb218acdc6436f29105dec44adf7f4f2c1ec5eb986dd,failed to execute message; message index: 0: Generic error: order already expired: execute wasm contract failed
0d07feab28831eb4b6283d732d31cee52bc5fceef1efd039896dfaf496ad2866,failed to execute message; message index: 0: Generic error: order already filled or cancelled: execute wasm contract failed
1ea4e64bf68ada7ebe36bfa30459a371111d1db0d2a29c2e31d414ced398f69c,failed to execute message; message index: 0: Generic error: Poll is not in passed status: execute wasm contract failed
a9adb7dbcfb0fe67bfaa385c5d08328dde1568275bfe6bf90558c2005ddbc822,failed to execute message; message index: 0: Generic error: Poll is not in progress: execute wasm contract failed
21083b944772e5214ebc69a33d3f40f685cc35a8a667badd726e46ab4b0c77a8,failed to execute message; message index: 0: Generic error: Price is too old: execute wasm contract failed
0089eee78a8f30408e2d43c1f1ac105665918a030c1e29ba33afb844c6027947,failed to execute message; message index: 0: Generic error: Querier contract error: Generic error: Price is too old: contract query failed: execute wasm contract failed
cafb6461bcec92207006b8abed9866bcb23d6e4bc39dc06ad2b7f69814b6f7eb,failed to execute message; message index: 0: Generic error: request submitted too late: execute wasm contract failed
e9c055ff80127fd6437e91c5559608f3392dc0436765ba5ab4952c6c7b03c1ec,failed to execute message; message index: 0: Generic error: Requested amount is bigger than claim amount: execute wasm contract failed
7ec11100344198db7eaea1d88c808c47bca29ef75b5f89e949ce815fc1115f7b,failed to execute message; message index: 0: Generic error: Sold out: execute wasm contract failed
a1059654c1a84c8c692236df91989e752653fff17383d44cd47ff7dfb4913072,failed to execute message; message index: 0: Generic error: Task is still in progress: execute wasm contract failed
15d7c464d18ebd1995ac577a845a74608401b37337a3755ec5ec366ddbd0d511,failed to execute message; message index: 0: Generic error: terra1dkaqje55sw5rq8npdxdf7p9zkhjr307ckk9d28 attempting to withdraw 1 of nft
f8f83b2aa887bf68668dda1f966f6ed70f88556278ab2e0d4f465aeb94e51eee,failed to execute message; message index: 0: Generic error: terra1x9dd8dhcj6t5tvmvmzahudqup638dh48jpfmk3 attempting to withdraw 1500000 of native
483129dea8bc51ac2a0b7849c5fe5454bc412bea480b10401d177ed0bb4765c7,failed to execute message; message index: 0: Generic error: There are no unlockable funds for the provided positions: execute wasm contract failed
34b6bc176b78c0f3ec185168d5dd12eb80e55f82f22f1b126cd6d77c8cf33654,"failed to execute message; message index: 0: Generic error: Ticker symbol is not in expected format [a-zA-Z\-]{3,12}: instantiate wasm contract failed"
ca47a180733026a301b72e3630629f1a03ca356ac65d600e7305d06796f623c5,failed to execute message; message index: 0: Generic error: unauthorized: execute wasm contract failed
b80780ad4d6cdafa199c16db5f8b3c3a1e54a69a2b347ec9f7bcf52822ee4861,failed to execute message; message index: 0: Generic error: Unauthorized: execute wasm contract failed
0f26ca4a5f655c0ce6235e191ea444f49dafd80727f1af6d7fde9d499185153c,failed to execute message; message index: 0: Generic error: User has already voted.: execute wasm contract failed
054056669e9176cc3ec683b76f6a856120676ff642d69f15e350086bc9c362dd,failed to execute message; message index: 0: Generic error: User is trying to withdraw too many tokens.: execute wasm contract failed
6b9542c83fb5bfd338cb26198a927e4e979a6ec3a00e6b7bb88732ccc855e79b,failed to execute message; message index: 0: Generic error: VaaAlreadyExecuted: execute wasm contract failed
32cf7ba01a7856cfd9dd4ee6e33bd7de68aad271c383e67904b265a7b563f17d,failed to execute message; message index: 0: Generic error: Verification is failed: execute wasm contract failed
8f44d2e2e14f1e4501b14129504c3c8d1b8aabc8bfe8e8dcfd33d3349b43b7d6,failed to execute message; message index: 0: Generic error: Wait for the unbonding period: execute wasm contract failed
c1f5ad918ffbca587b1713c3099fde9ad2f91756caaac3b5c1cd96dba88cc2d9,failed to execute message; message index: 0: Generic error: Wallet does not own NFT: execute wasm contract failed
674a8651c376379e7c0c517082d58ff0d54663bb17727cfd2c0dd2a36f34e186,failed to execute message; message index: 0: Generic error: you already outbid: execute wasm contract failed
a8b2239b0b2517d8cc22be14cfbb0f3d0703b2948e53400fca96ed8f6d843797,failed to execute message; message index: 0: ibc/0471F1C4E7AFD3F07702BEF6DC365268D64570F7C1FDC98EA6098DD6DE59817B: no price registered with oracle
f9d471f15878f6654a5fa2ff3e9604f59ced159959c0415f79499d3eb18d16f1,failed to execute message; message index: 0: IDO is closed: execute wasm contract failed
69a1f8454bcf6a05be1c01443f3d21434ab031338de0882cbfd33ce47a5a7d2b,failed to execute message; message index: 0: Index Fund has expired: execute wasm contract failed
f35efa284c76d19d831ac51b09b696fabe3f5d54af1e5c406db7ce4064bbcca4,failed to execute message; message index: 0: InsufficientFund: execute wasm contract failed
3ac84bd4e507e2545dd3a565a72cb5fe70f709a5e4fe5dcfa0c634ca41635f8b,failed to execute message; message index: 0: Invalid zero amount: execute wasm contract failed
39823fea79109aa3a3cf9d186dffea89b0aef39603609e172c4e62da79a16fb4,failed to execute message; message index: 0: InvalidName: execute wasm contract failed
485cc8591fd69cbe90ede8f8ceffdcd1716e98cd1fbd1b2ae891b195e8fee274,failed to execute message; message index: 0: Max slippage assertion: execute wasm contract failed
4ddb5bbdfbc370f1a9cb281da3ee47a1a08f926ab3a0d4958cf1daf6dcd7836f,failed to execute message; message index: 0: Max spread assertion: execute wasm contract failed
e121f8afb004ca14a58eaf0061cca382f26112d7a3cf2ef453503be81ea6c9e3,failed to execute message; message index: 0: Merkle verification failed: execute wasm contract failed
817bdf003a58068bddde8f3bb6b43f5fd542f2bef835b86f7f3f14179df6aa8b,failed to execute message; message index: 0: miaw_lp_staking::state::StakerInfo not found: execute wasm contract failed
cd4783a03e6fd1ddf1ecbc8fb48f8e609ab425e4014d1448ebb0dd2ff6bc7591,failed to execute message; message index: 0: Minting cannot exceed the cap: execute wasm contract failed
e7360b28dadf2153d5789ef18b7a4f3efd3faec792ec5b13b59d1dbdab2a40d2,failed to execute message; message index: 0: mirror_limit_order::state::Order not found: execute wasm contract failed
a06ace10372606b1ad93f6fe619d3083e7f748a535add5fda20a4a504be4d2f1,failed to execute message; message index: 0: mirror_staking::state::RewardInfo not found: execute wasm contract failed
d91d53d8fcf712d2076f66553700fade8622ec3370842b3ae8a904a35d25ab9b,failed to execute message; message index: 0: mNFLX: no price registered with oracle
aec2a36c8fbd25cdd98d1d718b2a283d410d1881d963034105d2c856328a3d10,failed to execute message; message index: 0: must be given cdaa3113b3ef14ade17d6c1546a3806420c44251 not 7e292ecc6225e88dcca3662e93e0ef98eb4bc52d: hash verification failed
de67432b76e28c31f4edb2708ad975d1cc2077b3f3289f9b7921ad0532fd6d3a,failed to execute message; message index: 0: No Active At the moment: execute wasm contract failed
855355c275532d0a4fc2160167fdb98fdc222584ccd8e4b71e33fe8b26dd89d4,failed to execute message; message index: 0: no delegation distribution info
e9803b173cd2b87c8a9b368db0a957196ab810c4f87c35d6abecd1d85781c00c,"failed to execute message; message index: 0: no delegation for (address, validator) tuple"
24cddde8e6565d5f4fb60a598de779eb9e8d505aac1ac391861b887db14ea600,failed to execute message; message index: 0: No such option in this poll: execute wasm contract failed
3592f322b9a6b7e95c8e4000552b848c5d3132d401601c5b043197cd53822f88,failed to execute message; message index: 0: Not enough STE to join recruit: execute wasm contract failed
d2f49eab44e6b2514223cc557f7bbbed79477bd3d8b693d4e9fc59f8c469d5a1,failed to execute message; message index: 0: Not enough STE to join squadron: execute wasm contract failed
de9f21a4f9ddc8a8de0fa55b424f6786bddcab7ac1eee14f40364f2a03eeb622,failed to execute message; message index: 0: Not started: execute wasm contract failed
a90df245c5e8ccd797e50dd1c02bfb653f3b43612bce917bb10514db12b96469,"failed to execute message; message index: 0: NotNodeOwner: Sender terra1dfy3rs8h30ul2c4jn45swuqng4f9y3fc77mect is not node owner of [113, 160, 66, 92, 86, 222, 63, 188, 235, 204, 49, 199, 43, 252, 6, 109, 139, 158, 19, 212, 111, 21, 133, 17, 17, 86, 92, 28, 216, 191, 220, 226].: execute wasm contract failed"
8b9c320f17af3244823a11762c2654ec9c47e6837ab570aef4a3d069fe86ac64,"failed to execute message; message index: 0: NotOwner: Sender is terra1rmtc8nv3d459ax98va62nf02v63dqd0e566m7t, but owner is terra1dfy3rs8h30ul2c4jn45swuqng4f9y3fc77mect.: execute wasm contract failed"
84407633f4732568c9aef3ee55c9da9fc183f9e017fe685553b55d1419d974d1,failed to execute message; message index: 0: Null/Nil argument: checksum: execute wasm contract failed
60b35f922b79fbb7906f7c958a6635a30f200f8634b40aad603fef765bba71d0,failed to execute message; message index: 0: Overflow: Cannot Sub with 0 and 1000000: execute wasm contract failed
370e0a0eb15818726e4458461da704b5a14a88f771322289ef3bb04300039b2a,failed to execute message; message index: 0: Per-wallet token allotment exceeded: execute wasm contract failed
3011507040efb8a57377ad6641495ea71de21115abf71c3b960955a78e44c94f,failed to execute message; message index: 0: Poll is not in progress: execute wasm contract failed
050e3c830ce37b71cfc22336d7ebfd2d7366ccdb9cdd7f68d69f40fa7242ca9c,failed to execute message; message index: 0: Premium rate cannot exceed the max premium rate: 0.15: execute wasm contract failed
f949032f1604097a94406b651966ee9e33577b44c6e906e39180f039a4a7d163,failed to execute message; message index: 0: Proposal is not open: execute wasm contract failed
477a8ecfaebcee36a6c7919e6461e28bfe8466526c00c40a05bc957ed55aafc3,failed to execute message; message index: 0: receiving chain block height >= packet timeout height (1-1672678 >= 1-1672623): packet timeout
e33bf201c81609f216b1a3754b5285d99b2722005e51b519a6d68edb2b989a49,failed to execute message; message index: 0: RecommitTooEarly: You can recommit again after 1635850930. Current time is 1635764550.: execute wasm contract failed
d2ef41c58704a7cbfa757f3709eb2b10cc05565367e485857b1ad6a7dcf61390,failed to execute message; message index: 0: RegistrationDisabled: execute wasm contract failed
05cd5ba8b8d99890c97ad9665d73443f5014485e33b4e03adf07a1a8790dd970,failed to execute message; message index: 0: reveal period of submitted vote do not match with registered prevote
38bec659056606763e90856595bf715c4c6038e680a94be252b9d6f43fbbe992,failed to execute message; message index: 0: spectrum_pylon_farm::state::RewardInfo not found: execute wasm contract failed
dbbd0d0e4612565fafc589b36a93ee3d95b0018e2eb9f4045ae29e76422a2b57,failed to execute message; message index: 0: spectrum_spec_farm::state::RewardInfo not found: execute wasm contract failed
14b758f139a08c4c4713f167d63c96e5b2571d009f1ab8f2e32e7a96ae0bb639,failed to execute message; message index: 0: spectrum_valkyrie_farm::state::RewardInfo not found: execute wasm contract failed
3cf6889d774b195828e8741a56035d8311ca44a6d6b3b8dd6306c69dbf8f7f30,failed to execute message; message index: 0: Squadron is full: execute wasm contract failed
ca18b84afd8bd32efe0c3ce3887bc3917816f6026b604f7a587cfa2e0a618a1c,failed to execute message; message index: 0: starterra_token::vesting::common::VestingInfo not found: execute wasm contract failed
5093b20c1e8ae2c17ca92d56a44df722fda4ad7a102f9417aa85fa325c74d631,failed to execute message; message index: 0: terravaloper108lmrztvc3pc3w774shgvpry4d3lf79k2ummna: no aggregate prevote
5431d605aa07647b1441c93ee17a100888de33d98038b302745ac271539bd93e,failed to execute message; message index: 0: Toll bridge deadline passed: execute wasm contract failed
4ec56a4dc24bad4f5e1ac9f36093d6d2d860b67c1ccc27497041adfabdcc7bce,failed to execute message; message index: 0: Too much STE to join squadron: execute wasm contract failed
0eb17c4f8e41dc5668b4f07d4fb99e929c4d57eaf1de1f6a6cdd0309482bfb34,failed to execute message; message index: 0: Transfer too big: execute wasm contract failed
734eddd17079d55bbb4e64635f793cf4dbbe0491c2c78f91fc2ed3e3d70f1e7c,failed to execute message; message index: 0: Unauthorized: execute wasm contract failed
60197514d218359956edcd57dfb5f8f8627b246ace146f57b615fd1b69159a40,failed to execute message; message index: 0: UnavailabledName: execute wasm contract failed
49f442f77411267b41ebac562d59df5c9009c01521553969b89895aef676b580,failed to execute message; message index: 0: Unlock amount cannot exceed locked amount: execute wasm contract failed
16510d955d18b379908869211f04bbad27d78c53470a124f0d088d2ac91fa742,failed to execute message; message index: 0: Unlock amount too high; Loan liability becomes greater than borrow limit: 87484435: execute wasm contract failed
ab922a8cb33a9b0efe6392dcd3c2a3b95b1e75e3645265b1bc6c5984455d263d,failed to execute message; message index: 0: User already has bid for specified collateral: terra1kc87mu460fwkqte29rquh4hc20m54fxwtsx7gp: execute wasm contract failed
9428fb07dc95690500c3747c780c4e37742117ccf81403524e9942fcfeae975f,failed to execute message; message index: 0: User already joined squadron: execute wasm contract failed
59042d34deeea3ad538153e1b7b185170f9d4d23be09ab582401a26330b7db94,failed to execute message; message index: 0: User has already voted: execute wasm contract failed
486a90f1e47b30f45c9b623b9f7005d6bb58db1038298e92e08b154ec3f52058,failed to execute message; message index: 0: User in recruit tier: execute wasm contract failed
0f97ff819cdca124286d72c2a8dcd5b1732766f484b59bd4a34082688cc95808,failed to execute message; message index: 0: User is trying to withdraw too many tokens: execute wasm contract failed
468376a452929249fd153eac43bba3d0351e15c826db33f6398ceacf2d57b7bc,failed to execute message; message index: 0: User Not Eligible For Active Stage: execute wasm contract failed
af315db0ed98df5453ade5270f60691170b011d9f6e8f32ae928b412c930bb9c,failed to execute message; message index: 0: User Not On List: execute wasm contract failed
67925c7e4a5ccb0d22c888bb9b76ee7d3c6b4af4c520d801879cc40daf9c337e,failed to execute message; message index: 0: uust: no price registered with oracle
5f6244f29ea0e0756cdf9c1d1e139fda0150a5fc8d17023e87f23c2c0dd03fde,failed to execute message; message index: 0: validator not jailed; cannot be unjailed
d3b4974d6d7ed12acb52cd528e416c2f610503fa887ce74f6e928d5b0a003bc3,failed to execute message; message index: 0: Verification failed: execute wasm contract failed
e1bd89040590095ecfee4d9f2952dc58ff264f552ff38d1cfb663bb7661b9fc0,failed to execute message; message index: 0: xyz token supply has been exhausted: execute wasm contract failed
ee228a70f4a07866c9cb6f384bfe907293396fb731b4540db82b2d1dcdbfd871,failed to execute message; message index: 0: You already accepted Terms of Use: execute wasm contract failed
664db4c6205d5f4110fcdc2ba6a314ebff562521c8b23be7ae13a89bcfe88d39,failed to execute message; message index: 0: You already joined to the IDO: execute wasm contract failed
7bcc5bc0f712ec7eeb24b83b9a183bd602dc36e5b3716a97a24e577497919567,failed to execute message; message index: 0: You can not have more than `3` pending unbonds: execute wasm contract failed
47d5182dc3cce5ea8784e201ef04a0a86ac8b00e61b4a495947e84f972b8e5a1,failed to execute message; message index: 0: You dont have enough funds: execute wasm contract failed
15064a37f60f7d7812f0ca3aa6cc978a25e9b8a8132d77fc00a2467b5970d66c,failed to execute message; message index: 0: You have 0 DAO POWER: execute wasm contract failed
a34f6e2bc35882a0e7df2fc266e3f20cc9531264e0b5e16a1a9ea1b83f73f6f4,failed to execute message; message index: 0: You have to be kyc verified: execute wasm contract failed
ca6c4e43df7399f7250d096fad72d85bcf66250c2f44a4c29b58885f6bffd76a,failed to execute message; message index: 0: You have to deposit more on prefund contract: execute wasm contract failed
6712263ec4a18b3efbb451712515e45983643253d0f497e8d12698ca5980f572,failed to execute message; message index: 1: 0uluna is smaller than 48779403uluna: insufficient funds
43f0f7790447fad449796f14adf4f9119705e15aea7a1fc44e85c3c522243e2b,failed to execute message; message index: 1: 100066919uusd is smaller than 101149000uusd: insufficient funds
bf862c12ec535db7c741eed6626453537d23dabf45941705afc983df4fb57b5d,failed to execute message; message index: 1: Already claimed: execute wasm contract failed
b239f1bf11bdeca059f3285e78fc1a2deff85d81764eaa4104b7dee10b0da2fc,failed to execute message; message index: 1: connection handshake open try failed: connection fields mismatch previous connection fields: invalid connection
4ff93840e6ad34c73c7daa702a36c7c7af43e09ee35cfdb0fa336fadfe220442,failed to execute message; message index: 1: dispatch: Contract exception: execute wasm contract failed
34fbe1b5c62d25374d48fa31c63fd108f305b1d38710a5537b8c42e4649bf7d2,failed to execute message; message index: 1: dispatch: contract terra1nptrquul6qtuj08drysqccnztldvehfud6zec3: not found
9839494139d2b6773cf7fdf73a2be9dfc1d802cd7bebb768e84a8a84c92537ee,failed to execute message; message index: 1: dispatch: dispatch: dispatch: reply: dispatch: Invalid zero amount: execute wasm contract failed
9e22de16ba7badaf4d0155ad911ca48774103fc9f9f9f8a496f904d00f53b681,failed to execute message; message index: 1: dispatch: dispatch: Gateway/Pool: deposit user cap exceeded. (cap: Uint256(0)): execute wasm contract failed
7d9e2c6c751c8ad5e673dde21e30f824b7e253b9097a7c5d38fe48bcb7cb94f9,failed to execute message; message index: 1: dispatch: dispatch: Generic error: Gateway/Pool: current blocktime does not satisfies configured deposit time range. origin: (1635339600 ~): execute wasm contract failed
55c7a5f2e83270806f2b1473999e0fcf212d1bf3b1e826f20737ce44c576b3b9,failed to execute message; message index: 1: dispatch: dispatch: Invalid zero amount: execute wasm contract failed
0c3a57c4d9dd53de908425e0ba8f119a0d0541efcb64b53b1baba004b3cd4334,failed to execute message; message index: 1: dispatch: dispatch: reply: dispatch: Invalid zero amount: execute wasm contract failed
456856563fae6b47745674adb67c58ff0737f1d5a478f0d7f55bd0002380d7ad,failed to execute message; message index: 1: dispatch: Error parsing into type terraswap::pair::Cw20HookMsg: Error parsing decimal '0.0011013537875704535': Generic error: Cannot parse more than 18 fractional digits: execute wasm contract failed
3305093accdbf89095c73c8db8a21e8726b5aa4e801a6d76b14881ac1d72ebf6,failed to execute message; message index: 1: dispatch: Generic error: Cannot liquidate a safely collateralized position: execute wasm contract failed
da66e5f5ddb99d8c9a90af62fb58c4e10f99f6a65c59fb1ed458394c31b832be,failed to execute message; message index: 1: dispatch: Generic error: Cannot liquidate more than the position amount: execute wasm contract failed
31a4d5234e24753d84360e615d9d633249a6c88044eac09a2fb46bc68c1d7847,failed to execute message; message index: 1: dispatch: Invalid zero amount: execute wasm contract failed
231ea8f2ce754e18b60c1434d89f8d129190c2e98516c668f3b5ca54fe1522cf,failed to execute message; message index: 1: dispatch: Max slippage assertion: execute wasm contract failed
0012a5708e44cdbbe0ac580f155149fdb7a8f115846d41ed331ffacb62901b1a,failed to execute message; message index: 1: dispatch: Max spread assertion: execute wasm contract failed
b07a89ff89b4fb5a7f776179134d0c91939fbdbe6666bdc92b12260e24ee11fa,failed to execute message; message index: 1: dispatch: Minting cannot exceed the cap: execute wasm contract failed
5f117dcddbd81033b6e45a62a05e81aafd8eb8fd28a3cfd714692c5abb93cc72,failed to execute message; message index: 1: dispatch: mirror_mint::state::Position not found: execute wasm contract failed
dc3b541bc1a90ba4127e733e2367a42ebe292752b8bd217bc4ddc259d0473f18,failed to execute message; message index: 1: dispatch: Overflow: Cannot Sub with 0 and 10000: execute wasm contract failed
12446a33de6b89a00dab8d9508ed83e3bfcc68f8922c99c8396d20b637f906da,failed to execute message; message index: 1: Error parsing into type cw20_elastic::msg::ExecuteMsg: invalid base64: 'eyJzd2FwIjp7ImJlbGllZl9wcmljZSI6IjEuNjQzOTM5NjY0MjI3NDU4OSIsIm1heF9zcHJlYWQiOiIwLjAwMiJ9fQ==': execute wasm contract failed
37f81f93e49da2fdf416d746ff4ea725879eab3d70f4c10e2bdaeabf9178b1d7,"failed to execute message; message index: 1: Error parsing into type cw20_legacy::msg::ExecuteMsg: Expected to parse either a `true`, `false`, or a `null`.: execute wasm contract failed"
397734d51fb72afb81d7d831afd3fdba3faeef7fcfa4ecf277ffc12498f003b1,failed to execute message; message index: 1: Error parsing into type cw20_legacy::msg::ExecuteMsg: invalid Uint128 '2342.8460400179088' - invalid digit found in string: execute wasm contract failed
b8ae387138ee2b8317322887a00bb88149031842a1cd2443e6cc2bbac3cffd3c,failed to execute message; message index: 1: Error parsing into type mirror_airdrop::msg::ExecuteMsg: Invalid number.: execute wasm contract failed
89caa208f20f0e1652f7ce08540afeb64e6b079a53c5348b51954b87e390c626,failed to execute message; message index: 1: Error parsing into type services::staking::ExecuteMsg: Invalid type: execute wasm contract failed
edaf854f9488934a1f505b954d1594504c9ba4db76c1f0ba6df4c451de80eee5,"failed to execute message; message index: 1: Error parsing into type terraswap::pair::ExecuteMsg: unknown variant `send`, expected one of `receive`, `provide_liquidity`, `swap`: execute wasm contract failed"
486ea4905cbe2c6d4183da4982127523364faa325e36b9081f801582a26bf733,"failed to execute message; message index: 1: Generic error: {""msg"": ""slippage_tolerance assertion""}: execute wasm contract failed"
50c7c8c6a88ec189151ec9d5f53af6e8045be6ba3a2cff58d2b128e8843581c4,"failed to execute message; message index: 1: Generic error: addr_canonicalize errored: decoding bech32 failed: checksum failed. Expected qaqg0w, got yekxy0.: execute wasm contract failed"
f5bfee6e00a30311c1065e7b8b15fbb1456d54bf3ce114ec7d98c27e9edb3c2c,failed to execute message; message index: 1: Generic error: Cannot mint asset over than min collateral ratio: execute wasm contract failed
39c6b1b1a4e8ea5aa70663c5fc9e8667977d775d47206c225ae9974621b8c394,failed to execute message; message index: 1: Generic error: Cannot withdraw collateral over than minimum collateral ratio: execute wasm contract failed
ed2d22532451e4d2d31990980dbccbe61ac026de0c48d1ed51b25e803acf7f4e,failed to execute message; message index: 1: Generic error: Cannot withdraw more than you provide: execute wasm contract failed
9073aa9db94f23ff16f91fbe4bb6b9945306cd43c3d2e8b4305e3c74b042868e,failed to execute message; message index: 1: Generic error: Collateral price is too old: execute wasm contract failed
ad8a111b26c8fe3411820333409ba92667cf53e093a3ff75aa5f7c44cade1266,failed to execute message; message index: 1: Generic error: Native token balance mismatch between the argument and the transferred: execute wasm contract failed
19216faa84b47859fe87a6351b8d84ce2733370dd8a49c2e522533fc6cbcd744,failed to execute message; message index: 1: Generic error: order already filled or cancelled: execute wasm contract failed
010e11c53acb2c5a42d8cc0752ecbd7422d1ae8abebb87c59314643dfd915250,failed to execute message; message index: 1: Generic error: Price is too old: execute wasm contract failed
ca045976a71faef72b82f033b4a6b969e176321129dcc4c5bdab8b53aa076f44,failed to execute message; message index: 1: Generic error: slippage_tolerance cannot bigger than 1: execute wasm contract failed
6d8a00c13d2ef2b7cf549fe91113c2b102242de2ddf55f86b1e3b425260d8f6c,failed to execute message; message index: 1: Generic error: terra1mmly4jprsccufaymvc3r9qsm358wt076we6v8u attempting to withdraw 1 of nft
3f9757a31fefda4240f1e67bb5601d5937ce8e31a891862d79336fce4e9c448b,failed to execute message; message index: 1: Invalid zero amount: execute wasm contract failed
4e0a2c5db07b9b61d82e501f9fc00bf55651f92b98d2ee51ec024052c3ffcde3,failed to execute message; message index: 1: Max slippage assertion: execute wasm contract failed
fb7ddbdd25bf3736e2ec6899c7a92f88e11278da9e236bd8ef0884580f3c453b,failed to execute message; message index: 1: Max spread assertion: execute wasm contract failed
197b3612648e75e77167bea2ffd164e870c54b13271643513cb969ab2be1d395,failed to execute message; message index: 1: Overflow: Cannot Sub with 10051708681 and 10063985461: execute wasm contract failed
edda6408f94ad9b468adcae3f513ca7868eb5c5af9b890e8a5e368b13deaec7c,failed to execute message; message index: 1: receive packet verification failed: block height >= packet timeout height (5-4989639 >= 5-4989634): packet timeout
606085e5569346b8d1f1208d983ef0fa5470380259543d00f14a58c390115491,failed to execute message; message index: 1: timeout packet verification failed: packet timeout has not been reached for height or timestamp: packet timeout
1a18c09cd36e962a25ca7ce035ae6da44c5d518ffb23ebd5fa85836ca6bd8bd2,failed to execute message; message index: 10: no delegation distribution info
d119583747ceee6917e8563393a071f5ae81f27695b3c0d271f990da88a0e891,failed to execute message; message index: 13: 2979298uluna is smaller than 3000000uluna: insufficient funds
2628e40520d753360ef0995c2ce1efd582ed67d9730ca2ae5311e97cde8eeb2d,failed to execute message; message index: 15: 2976445uluna is smaller than 3000000uluna: insufficient funds
61d5c6f4e862dcf8b71becce29eeb1b3ca3eb241364347839f0dc5058f2fb702,failed to execute message; message index: 2: Already claimed: execute wasm contract failed
833132ba7225459145d2b98a19b5c001e8dbec7d4c341d798ce767d6f4b7d7ee,failed to execute message; message index: 2: Asset mismatch: execute wasm contract failed
4d455f294165cfb3f0615a74692e23f03fe66fe7888c1315e01f7ab99921e175,failed to execute message; message index: 2: dispatch: dispatch: dispatch: reply: dispatch: Invalid zero amount: execute wasm contract failed
fc1465bc7b3edf0041d33724a562116e9dc94269373ba4e4ea7e33a0483515c1,"failed to execute message; message index: 2: dispatch: dispatch: Generic error: assertion failed; minimum receive amount: 10013112458, swap amount: 9921403436: execute wasm contract failed"
a3b977429fd6b538b83504fb2b43e2e0daa5211415ee77844bdccc7800acd4fd,failed to execute message; message index: 2: dispatch: dispatch: reply: dispatch: Invalid zero amount: execute wasm contract failed
43ef1d8428cba8cd746ae3974a5fabab68028c8a440eda1dfd57940cfb06c5b1,failed to execute message; message index: 2: dispatch: Error parsing into type terraswap::pair::Cw20HookMsg: Error parsing decimal '0.0070750000000000006': Generic error: Cannot parse more than 18 fractional digits: execute wasm contract failed
dca35d130235d9bad9830872d4266d2a04359baaa805c14bd2e1f7832937011d,failed to execute message; message index: 2: dispatch: Error parsing into type terraswap::router::Cw20HookMsg: invalid Uint128 '96307863.3' - invalid digit found in string: execute wasm contract failed
9106664e9197f8e31734296e34b289ec3fce2867fd4d4b2fe9a62029632edd7a,failed to execute message; message index: 2: dispatch: Generic error: Cannot liquidate a safely collateralized position: execute wasm contract failed
b2d183e3df3f687f7df513800d866f181bb5bc0e8b6d4516b8022e42caba91dc,failed to execute message; message index: 2: dispatch: Generic error: Cannot liquidate more than the position amount: execute wasm contract failed
4b881529827313fb6b937862b3a037ccf84c95df86732527f7e802f36f5fb840,failed to execute message; message index: 2: dispatch: Max slippage assertion: execute wasm contract failed
1af6407d7161e919488160b057b5dd4c40506600b6cd443899a176ede6188fac,failed to execute message; message index: 2: dispatch: Max spread assertion: execute wasm contract failed
1a5d0b978d998a1c657d86a1e21f1d8a38fdee7af9b10f18ec578cc2a0af7847,failed to execute message; message index: 2: dispatch: mirror_mint::state::Position not found: execute wasm contract failed
bc4e427265e69d1a81ba7b9cbe744a4ac50513dd5e336a83e7e6e9142983af4b,failed to execute message; message index: 2: dispatch: Overflow: Cannot Sub with 943931 and 2000000: execute wasm contract failed
8be9330580ba53a00b2d4a49521cf48d03ec7c7bcec5cbd6a3a98697fe5cb4a8,"failed to execute message; message index: 2: Generic error: addr_canonicalize errored: decoding bech32 failed: checksum failed. Expected qaqg0w, got yekxy0.: execute wasm contract failed"
54c14a4b6cc1f10d038109f52b95978c2424cbb31c626a2ef471af2e10d7f112,failed to execute message; message index: 2: Generic error: unauthorized: execute wasm contract failed
12f5355fc3f6bd17fd8baa04bf98e1d100880a14e4c6bf7332ea6d3e885801c2,failed to execute message; message index: 2: Max slippage assertion: execute wasm contract failed
887ee7de0e346dd469c920cd058299e394450ff1c65c687a8f60a7f7c306e2dc,failed to execute message; message index: 2: Max spread assertion: execute wasm contract failed
6ef66649d2eb0a6698b05c2c2dcdf7240b8aa1136b7cb4c65221e63e5ffb9fb6,failed to execute message; message index: 2: Overflow: Cannot Sub with 103255236 and 103255271: execute wasm contract failed
f418b0f7cd1c80b92c94ea03b33a7d1f4978c1c94c56f8c570b9ba2e9d909d29,"failed to execute message; message index: 20: Generic error: addr_canonicalize errored: decoding bech32 failed: checksum failed. Expected n6dym9, got ac4d0c.: execute wasm contract failed"
3855a1b780a7dacf22036f545fa24f58cab84edc9b59acee5e3d853ed058a0c9,"failed to execute message; message index: 23: Generic error: addr_canonicalize errored: decoding bech32 failed: checksum failed. Expected q3lu8p, got q3luxs.: execute wasm contract failed"
b85af3cbcfbdb914846ddddc2bbeff7be2c8eb32bffd02607bb34d400df92dec,failed to execute message; message index: 29: Generic error: addr_canonicalize errored: decoding bech32 failed: string not all lowercase or all uppercase: execute wasm contract failed
a1dd5b7a28d81f6eff812103d2c4b8e8c1087aabc670581f6fe0c41c7bb4f165,failed to execute message; message index: 3: 18887168uluna is smaller than 18887369uluna: insufficient funds
09bee1b9e047b85a9e4c090fadd74e1b8dfed31bf6130e4fb32488680d9315b1,failed to execute message; message index: 3: Already claimed: execute wasm contract failed
2234a8dc614917086b5923aaa05cb1463669b83d4fb7b0d417658f1ea9ff4d52,failed to execute message; message index: 3: dispatch: dispatch: reply: dispatch: Invalid zero amount: execute wasm contract failed
985bb061f1141647616a870dd3fd393e6f43a9a47cec006a81ab6c6d3daf0977,failed to execute message; message index: 3: dispatch: Max spread assertion: execute wasm contract failed
76428ee3e2675da22800298be3dbc25d6c3f563c43872fe00bac7a30ce0b5fc3,failed to execute message; message index: 3: Max slippage assertion: execute wasm contract failed
c14021d900f90e0a8bef10d6b6086f48334efc1ef037879af510ea51c7a365d8,failed to execute message; message index: 3: Max spread assertion: execute wasm contract failed
1d56156a95607464a71a67eecfe4acf308c036dafc980b5f134d3990bc7b44f9,failed to execute message; message index: 3: no delegation distribution info
37b0e2905888d00d7e798bbc2dada193dec79586e465d0d1c809cca52e1f4518,failed to execute message; message index: 3: Overflow: Cannot Sub with 2343405 and 2502799: execute wasm contract failed
f2e6690b7819b08c5a6a46dcb54637454cbaf3a0e9ec8976deaa01eaf1f96e40,failed to execute message; message index: 4: 219450887uusd is smaller than 222000000uusd: insufficient funds
fc16e1f98c5e4a0ed77dadbe627937fdaf95cf29f2cbfb9a0bc1e46c5e55bb6e,failed to execute message; message index: 4: 2992127uluna is smaller than 3000000uluna: insufficient funds
ddf113e9f4338500e4cfab48295bb489b22dbe7c44860c3af03b7ea85b30690e,failed to execute message; message index: 4: Already claimed: execute wasm contract failed
ab00b75d7913aec13df49b80d15fef2298235970c0f281bf31bc8219ca0bf1f2,failed to execute message; message index: 4: dispatch: Error calling the VM: Error executing Wasm: Wasmer runtime error: RuntimeError: unreachable: execute wasm contract failed
28782d910d8e180379c3fc9fd2aed38afa6be373eca5ce59f3d247537fbea783,failed to execute message; message index: 4: Generic error: addr_canonicalize errored: decoding bech32 failed: invalid character in string: ' ': execute wasm contract failed
039c24c8ae09de69985341a1a841ab96332056aa149d660c1776d4692ee50f67,failed to execute message; message index: 4: no delegation distribution info
909c5d4c5c2cbcbaf987a88a36281a5d26ae30eb2ef3e2e130a2293ebcdd8182,failed to execute message; message index: 4: Overflow: Cannot Sub with 36864040738 and 36922079533: execute wasm contract failed
9fc6fb149f98f64df006e1e41bf257165ec184e79b6412cbe150e0c414b9f53a,failed to execute message; message index: 5: 17389338uluna is smaller than 17394886uluna: insufficient funds
15c9e1ff5c59a3f28c8a99d4de9b7bf4d11d850ec59188d7c79f605bad19f8e0,failed to execute message; message index: 5: Already claimed: execute wasm contract failed
aeedd03406436554e20e55f5d9ab816d30d40429cfaa672c3defb9205cbd4ddf,failed to execute message; message index: 5: Max slippage assertion: execute wasm contract failed
8867b9551f691f483ba0fb6a725a2d977e10c921b069d26eeb7be9a4bad600ab,failed to execute message; message index: 6: Already claimed: execute wasm contract failed
0a173fd6ceeb1021169cf579515a23c8766cca3ec51805eb7b807d2ca268ab23,failed to execute message; message index: 6: no delegation distribution info
ded4f42bae7fd7cf9dca9355fe82b4f3d3baa0d2194b9f24cd1aea412c692a29,failed to execute message; message index: 7: Already claimed: execute wasm contract failed
3dda6736950164f80b97f1a46de7768198a29363df6b9aeed1597d9c1bf798b5,failed to execute message; message index: 7: dispatch: Error calling the VM: Error executing Wasm: Wasmer runtime error: RuntimeError: unreachable: execute wasm contract failed
fe9d35560e70c61af80eb25f7372d2a53458dd6cd57ba5ef33a6697a20fd3f62,failed to execute message; message index: 8: Already claimed: execute wasm contract failed
7b8c13ef16b03d3cd0634cc4490b95813f52bbb937c52e174c40188886f7dded,failed to execute message; message index: 8: UnavailabledName: execute wasm contract failed
0d35eaefc84534520bbe562bf1b9077d174552aec4bb5fcf4af0dc2c66f21d31,failed to execute message; message index: 9: Already claimed: execute wasm contract failed
7dfb46d09dd35c6b428855d53a6e1834677b3c74d1b75f9d7ae01f1421cbc952,failed to execute message; message index: 9: dispatch: Error calling the VM: Error executing Wasm: Wasmer runtime error: RuntimeError: unreachable: execute wasm contract failed
4da44d6c40377a80012a2362bd07309afe3d301e601f036fbc13b0dbac612492,"failed to execute message; message index: 99: Generic error: addr_canonicalize errored: decoding bech32 failed: checksum failed. Expected llclpa, got 6ejs3w.: execute wasm contract failed"
a880850c352631b10eb79c4136324660dec365e9cbf18660749d5bb784a45f4f,"out of gas in location: Compiling WASM Bytes Cost; gasWanted: 1600000, gasUsed: 1824108: out of gas"
070dd428e5717c5dffe6d883cb43874f90afa4fda883aaecd5e110e39ca497cc,"out of gas in location: Contract Execution; gasWanted: 100000, gasUsed: 54904: out of gas"
fdfea62d85f6c87a4af99e2d740ccb416b44e497b0e12cc360c840e074275a41,"out of gas in location: Delete; gasWanted: 200000, gasUsed: 200121: out of gas"
23d7dd2648c047b592f65e52ccf0f9e3f278d2f7c72d050313c8dd5d8bdfce9f,"out of gas in location: Event Cost; gasWanted: 257000, gasUsed: 73363: out of gas"
39001740af13e827a372a5a58f83df44595dc6fbca39b76fa42c22d17dd6fe32,"out of gas in location: Loading CosmWasm module: execute; gasWanted: 100000, gasUsed: 59634: out of gas"
c296bec367d70f6021ec2b5bea4301eb2f6afb8b7b3e25b5bec043a813f74f2a,"out of gas in location: ReadFlat; gasWanted: 100000, gasUsed: 54974: out of gas"
b71b7055a64f9a99382351e6e59fd4c882e6f1ef2d9b4499dcbac8d4793aa58d,"out of gas in location: ReadPerByte; gasWanted: 1150286, gasUsed: 53304: out of gas"
ba7fd53a8e427b4d0c3722995587242ef4aed8d244a0c328d8b5aafef7e48b94,"out of gas in location: Registering contract to the store; gasWanted: 200000, gasUsed: 53254: out of gas"
ef7475cf45cd72489417e21bb542ce34142511e41ab655a9cf529bbc43f797b3,"out of gas in location: WriteFlat; gasWanted: 120000, gasUsed: 67474: out of gas"
e4c38941d2e5deb300691617ffd6fce3d6c6ed0d916ca4d06563afa8a36c3e4b,"out of gas in location: WritePerByte; gasWanted: 100000, gasUsed: 105209: out of gas"